Name,Season,pre,end,concat,Official Season,AllStar,,,,,,,,,,,,,,,,,,,,,,,
Kareem Abdul-Jabbar,1979-80,19,80,1980,1980,1,,,,,,,,,,,,,,,,,,,,,,,
Kareem Abdul-Jabbar,1980-81,19,81,1981,1981,1,,,,,,,,,,,,,,,,,,,,,,,
Kareem Abdul-Jabbar,1981-82,19,82,1982,1982,1,,,,,,,,,,,,,,,,,,,,,,,
Kareem Abdul-Jabbar,1982-83,19,83,1983,1983,1,,,,,,,,,,,,,,,,,,,,,,,
Kareem Abdul-Jabbar,1983-84,19,84,1984,1984,1,,,,,,,,,,,,,,,,,,,,,,,
Kareem Abdul-Jabbar,1984-85,19,85,1985,1985,1,,,,,,,,,,,,,,,,,,,,,,,
Kareem Abdul-Jabbar,1985-86,19,86,1986,1986,1,,,,,,,,,,,,,,,,,,,,,,,
Kareem Abdul-Jabbar,1986-87,19,87,1987,1987,1,,,,,,,,,,,,,,,,,,,,,,,
Kareem Abdul-Jabbar,1987-88,19,88,1988,1988,1,,,,,,,,,,,,,,,,,,,,,,,
Kareem Abdul-Jabbar,1988-89,19,89,1989,1989,1,,,,,,,,,,,,,,,,,,,,,,,
Kobe Bryant,1997-98,19,98,1998,1998,1,,,,,,,,,,,,,,,,,,,,,,,
Kobe Bryant,1999-00,19,00,1900,2000,1,,,,,,,,,,,,,,,,,,,,,,,
Kobe Bryant,2000-01,20,01,2001,2001,1,,,,,,,,,,,,,,,,,,,,,,,
Kobe Bryant,2001-02,20,02,2002,2002,1,,,,,,,,,,,,,,,,,,,,,,,
Kobe Bryant,2002-03,20,03,2003,2003,1,,,,,,,,,,,,,,,,,,,,,,,
Kobe Bryant,2003-04,20,04,2004,2004,1,,,,,,,,,,,,,,,,,,,,,,,
Kobe Bryant,2004-05,20,05,2005,2005,1,,,,,,,,,,,,,,,,,,,,,,,
Kobe Bryant,2005-06,20,06,2006,2006,1,,,,,,,,,,,,,,,,,,,,,,,
Kobe Bryant,2006-07,20,07,2007,2007,1,,,,,,,,,,,,,,,,,,,,,,,
Kobe Bryant,2007-08,20,08,2008,2008,1,,,,,,,,,,,,,,,,,,,,,,,
Kobe Bryant,2008-09,20,09,2009,2009,1,,,,,,,,,,,,,,,,,,,,,,,
Kobe Bryant,2009-10,20,10,2010,2010,1,,,,,,,,,,,,,,,,,,,,,,,
Kobe Bryant,2010-11,20,11,2011,2011,1,,,,,,,,,,,,,,,,,,,,,,,
Kobe Bryant,2011-12,20,12,2012,2012,1,,,,,,,,,,,,,,,,,,,,,,,
Kobe Bryant,2012-13,20,13,2013,2013,1,,,,,,,,,,,,,,,,,,,,,,,
Kobe Bryant,2013-14,20,14,2014,2014,1,,,,,,,,,,,,,,,,,,,,,,,
Kobe Bryant,2014-15,20,15,2015,2015,1,,,,,,,,,,,,,,,,,,,,,,,
Kobe Bryant,2015-16,20,16,2016,2016,1,,,,,,,,,,,,,,,,,,,,,,,
LeBron James,2004-05,20,05,2005,2005,1,,,,,,,,,,,,,,,,,,,,,,,
LeBron James,2005-06,20,06,2006,2006,1,,,,,,,,,,,,,,,,,,,,,,,
LeBron James,2006-07,20,07,2007,2007,1,,,,,,,,,,,,,,,,,,,,,,,
LeBron James,2007-08,20,08,2008,2008,1,,,,,,,,,,,,,,,,,,,,,,,
LeBron James,2008-09,20,09,2009,2009,1,,,,,,,,,,,,,,,,,,,,,,,
LeBron James,2009-10,20,10,2010,2010,1,,,,,,,,,,,,,,,,,,,,,,,
LeBron James,2010-11,20,11,2011,2011,1,,,,,,,,,,,,,,,,,,,,,,,
LeBron James,2011-12,20,12,2012,2012,1,,,,,,,,,,,,,,,,,,,,,,,
LeBron James,2012-13,20,13,2013,2013,1,,,,,,,,,,,,,,,,,,,,,,,
LeBron James,2013-14,20,14,2014,2014,1,,,,,,,,,,,,,,,,,,,,,,,
LeBron James,2014-15,20,15,2015,2015,1,,,,,,,,,,,,,,,,,,,,,,,
LeBron James,2015-16,20,16,2016,2016,1,,,,,,,,,,,,,,,,,,,,,,,
LeBron James,2016-17,20,17,2017,2017,1,,,,,,,,,,,,,,,,,,,,,,,
Julius Erving,1979-80,19,80,1980,1980,1,,,,,,,,,,,,,,,,,,,,,,,
Julius Erving,1980-81,19,81,1981,1981,1,,,,,,,,,,,,,,,,,,,,,,,
Julius Erving,1981-82,19,82,1982,1982,1,,,,,,,,,,,,,,,,,,,,,,,
Julius Erving,1982-83,19,83,1983,1983,1,,,,,,,,,,,,,,,,,,,,,,,
Julius Erving,1983-84,19,84,1984,1984,1,,,,,,,,,,,,,,,,,,,,,,,
Julius Erving,1984-85,19,85,1985,1985,1,,,,,,,,,,,,,,,,,,,,,,,
Julius Erving,1985-86,19,86,1986,1986,1,,,,,,,,,,,,,,,,,,,,,,,
Julius Erving,1986-87,19,87,1987,1987,1,,,,,,,,,,,,,,,,,,,,,,,
Tim Duncan,1997-98,19,98,1998,1998,1,,,,,,,,,,,,,,,,,,,,,,,
Tim Duncan,1999-00,19,00,1900,2000,1,,,,,,,,,,,,,,,,,,,,,,,
Tim Duncan,2000-01,20,01,2001,2001,1,,,,,,,,,,,,,,,,,,,,,,,
Tim Duncan,2001-02,20,02,2002,2002,1,,,,,,,,,,,,,,,,,,,,,,,
Tim Duncan,2002-03,20,03,2003,2003,1,,,,,,,,,,,,,,,,,,,,,,,
Tim Duncan,2003-04,20,04,2004,2004,1,,,,,,,,,,,,,,,,,,,,,,,
Tim Duncan,2004-05,20,05,2005,2005,1,,,,,,,,,,,,,,,,,,,,,,,
Tim Duncan,2005-06,20,06,2006,2006,1,,,,,,,,,,,,,,,,,,,,,,,
Tim Duncan,2006-07,20,07,2007,2007,1,,,,,,,,,,,,,,,,,,,,,,,
Tim Duncan,2007-08,20,08,2008,2008,1,,,,,,,,,,,,,,,,,,,,,,,
Tim Duncan,2008-09,20,09,2009,2009,1,,,,,,,,,,,,,,,,,,,,,,,
Tim Duncan,2009-10,20,10,2010,2010,1,,,,,,,,,,,,,,,,,,,,,,,
Tim Duncan,2010-11,20,11,2011,2011,1,,,,,,,,,,,,,,,,,,,,,,,
Tim Duncan,2012-13,20,13,2013,2013,1,,,,,,,,,,,,,,,,,,,,,,,
Tim Duncan,2014-15,20,15,2015,2015,1,,,,,,,,,,,,,,,,,,,,,,,
Kevin Garnett,1996-97,19,97,1997,1997,1,,,,,,,,,,,,,,,,,,,,,,,
Kevin Garnett,1997-98,19,98,1998,1998,1,,,,,,,,,,,,,,,,,,,,,,,
Kevin Garnett,1999-00,19,00,1900,2000,1,,,,,,,,,,,,,,,,,,,,,,,
Kevin Garnett,2000-01,20,01,2001,2001,1,,,,,,,,,,,,,,,,,,,,,,,
Kevin Garnett,2001-02,20,02,2002,2002,1,,,,,,,,,,,,,,,,,,,,,,,
Kevin Garnett,2002-03,20,03,2003,2003,1,,,,,,,,,,,,,,,,,,,,,,,
Kevin Garnett,2003-04,20,04,2004,2004,1,,,,,,,,,,,,,,,,,,,,,,,
Kevin Garnett,2004-05,20,05,2005,2005,1,,,,,,,,,,,,,,,,,,,,,,,
Kevin Garnett,2005-06,20,06,2006,2006,1,,,,,,,,,,,,,,,,,,,,,,,
Kevin Garnett,2006-07,20,07,2007,2007,1,,,,,,,,,,,,,,,,,,,,,,,
Kevin Garnett,2007-08,20,08,2008,2008,1,,,,,,,,,,,,,,,,,,,,,,,
Kevin Garnett,2008-09,20,09,2009,2009,1,,,,,,,,,,,,,,,,,,,,,,,
Kevin Garnett,2009-10,20,10,2010,2010,1,,,,,,,,,,,,,,,,,,,,,,,
Kevin Garnett,2010-11,20,11,2011,2011,1,,,,,,,,,,,,,,,,,,,,,,,
Kevin Garnett,2012-13,20,13,2013,2013,1,,,,,,,,,,,,,,,,,,,,,,,
Shaquille O'Neal,1992-93,19,93,1993,1993,1,,,,,,,,,,,,,,,,,,,,,,,
Shaquille O'Neal,1993-94,19,94,1994,1994,1,,,,,,,,,,,,,,,,,,,,,,,
Shaquille O'Neal,1994-95,19,95,1995,1995,1,,,,,,,,,,,,,,,,,,,,,,,
Shaquille O'Neal,1995-96,19,96,1996,1996,1,,,,,,,,,,,,,,,,,,,,,,,
Shaquille O'Neal,1996-97,19,97,1997,1997,1,,,,,,,,,,,,,,,,,,,,,,,
Shaquille O'Neal,1997-98,19,98,1998,1998,1,,,,,,,,,,,,,,,,,,,,,,,
Shaquille O'Neal,1999-00,19,00,1900,2000,1,,,,,,,,,,,,,,,,,,,,,,,
Shaquille O'Neal,2000-01,20,01,2001,2001,1,,,,,,,,,,,,,,,,,,,,,,,
Shaquille O'Neal,2001-02,20,02,2002,2002,1,,,,,,,,,,,,,,,,,,,,,,,
Shaquille O'Neal,2002-03,20,03,2003,2003,1,,,,,,,,,,,,,,,,,,,,,,,
Shaquille O'Neal,2003-04,20,04,2004,2004,1,,,,,,,,,,,,,,,,,,,,,,,
Shaquille O'Neal,2004-05,20,05,2005,2005,1,,,,,,,,,,,,,,,,,,,,,,,
Shaquille O'Neal,2005-06,20,06,2006,2006,1,,,,,,,,,,,,,,,,,,,,,,,
Shaquille O'Neal,2006-07,20,07,2007,2007,1,,,,,,,,,,,,,,,,,,,,,,,
Shaquille O'Neal,2008-09,20,09,2009,2009,1,,,,,,,,,,,,,,,,,,,,,,,
Michael Jordan,1984-85,19,85,1985,1985,1,,,,,,,,,,,,,,,,,,,,,,,
Michael Jordan,1985-86,19,86,1986,1986,1,,,,,,,,,,,,,,,,,,,,,,,
Michael Jordan,1986-87,19,87,1987,1987,1,,,,,,,,,,,,,,,,,,,,,,,
Michael Jordan,1987-88,19,88,1988,1988,1,,,,,,,,,,,,,,,,,,,,,,,
Michael Jordan,1988-89,19,89,1989,1989,1,,,,,,,,,,,,,,,,,,,,,,,
Michael Jordan,1989-90,19,90,1990,1990,1,,,,,,,,,,,,,,,,,,,,,,,
Michael Jordan,1990-91,19,91,1991,1991,1,,,,,,,,,,,,,,,,,,,,,,,
Michael Jordan,1991-92,19,92,1992,1992,1,,,,,,,,,,,,,,,,,,,,,,,
Michael Jordan,1992-93,19,93,1993,1993,1,,,,,,,,,,,,,,,,,,,,,,,
Michael Jordan,1995-96,19,96,1996,1996,1,,,,,,,,,,,,,,,,,,,,,,,
Michael Jordan,1996-97,19,97,1997,1997,1,,,,,,,,,,,,,,,,,,,,,,,
Michael Jordan,1997-98,19,98,1998,1998,1,,,,,,,,,,,,,,,,,,,,,,,
Michael Jordan,2001-02,20,02,2002,2002,1,,,,,,,,,,,,,,,,,,,,,,,
Michael Jordan,2002-03,20,03,2003,2003,1,,,,,,,,,,,,,,,,,,,,,,,
Karl Malone,1987-88,19,88,1988,1988,1,,,,,,,,,,,,,,,,,,,,,,,
Karl Malone,1988-89,19,89,1989,1989,1,,,,,,,,,,,,,,,,,,,,,,,
Karl Malone,1989-90,19,90,1990,1990,1,,,,,,,,,,,,,,,,,,,,,,,
Karl Malone,1990-91,19,91,1991,1991,1,,,,,,,,,,,,,,,,,,,,,,,
Karl Malone,1991-92,19,92,1992,1992,1,,,,,,,,,,,,,,,,,,,,,,,
Karl Malone,1992-93,19,93,1993,1993,1,,,,,,,,,,,,,,,,,,,,,,,
Karl Malone,1993-94,19,94,1994,1994,1,,,,,,,,,,,,,,,,,,,,,,,
Karl Malone,1994-95,19,95,1995,1995,1,,,,,,,,,,,,,,,,,,,,,,,
Karl Malone,1995-96,19,96,1996,1996,1,,,,,,,,,,,,,,,,,,,,,,,
Karl Malone,1996-97,19,97,1997,1997,1,,,,,,,,,,,,,,,,,,,,,,,
Karl Malone,1997-98,19,98,1998,1998,1,,,,,,,,,,,,,,,,,,,,,,,
Karl Malone,1999-00,19,00,1900,2000,1,,,,,,,,,,,,,,,,,,,,,,,
Karl Malone,2000-01,20,01,2001,2001,1,,,,,,,,,,,,,,,,,,,,,,,
Karl Malone,2001-02,20,02,2002,2002,1,,,,,,,,,,,,,,,,,,,,,,,
Dirk Nowitzki,2001-02,20,02,2002,2002,1,,,,,,,,,,,,,,,,,,,,,,,
Dirk Nowitzki,2002-03,20,03,2003,2003,1,,,,,,,,,,,,,,,,,,,,,,,
Dirk Nowitzki,2003-04,20,04,2004,2004,1,,,,,,,,,,,,,,,,,,,,,,,
Dirk Nowitzki,2004-05,20,05,2005,2005,1,,,,,,,,,,,,,,,,,,,,,,,
Dirk Nowitzki,2005-06,20,06,2006,2006,1,,,,,,,,,,,,,,,,,,,,,,,
Dirk Nowitzki,2006-07,20,07,2007,2007,1,,,,,,,,,,,,,,,,,,,,,,,
Dirk Nowitzki,2007-08,20,08,2008,2008,1,,,,,,,,,,,,,,,,,,,,,,,
Dirk Nowitzki,2008-09,20,09,2009,2009,1,,,,,,,,,,,,,,,,,,,,,,,
Dirk Nowitzki,2009-10,20,10,2010,2010,1,,,,,,,,,,,,,,,,,,,,,,,
Dirk Nowitzki,2010-11,20,11,2011,2011,1,,,,,,,,,,,,,,,,,,,,,,,
Dirk Nowitzki,2011-12,20,12,2012,2012,1,,,,,,,,,,,,,,,,,,,,,,,
Dirk Nowitzki,2013-14,20,14,2014,2014,1,,,,,,,,,,,,,,,,,,,,,,,
Dirk Nowitzki,2014-15,20,15,2015,2015,1,,,,,,,,,,,,,,,,,,,,,,,
Moses Malone,1979-80,19,80,1980,1980,1,,,,,,,,,,,,,,,,,,,,,,,
Moses Malone,1980-81,19,81,1981,1981,1,,,,,,,,,,,,,,,,,,,,,,,
Moses Malone,1981-82,19,82,1982,1982,1,,,,,,,,,,,,,,,,,,,,,,,
Moses Malone,1982-83,19,83,1983,1983,1,,,,,,,,,,,,,,,,,,,,,,,
Moses Malone,1983-84,19,84,1984,1984,1,,,,,,,,,,,,,,,,,,,,,,,
Moses Malone,1984-85,19,85,1985,1985,1,,,,,,,,,,,,,,,,,,,,,,,
Moses Malone,1985-86,19,86,1986,1986,1,,,,,,,,,,,,,,,,,,,,,,,
Moses Malone,1986-87,19,87,1987,1987,1,,,,,,,,,,,,,,,,,,,,,,,
Moses Malone,1987-88,19,88,1988,1988,1,,,,,,,,,,,,,,,,,,,,,,,
Moses Malone,1988-89,19,89,1989,1989,1,,,,,,,,,,,,,,,,,,,,,,,
Dwyane Wade,2004-05,20,05,2005,2005,1,,,,,,,,,,,,,,,,,,,,,,,
Dwyane Wade,2005-06,20,06,2006,2006,1,,,,,,,,,,,,,,,,,,,,,,,
Dwyane Wade,2006-07,20,07,2007,2007,1,,,,,,,,,,,,,,,,,,,,,,,
Dwyane Wade,2007-08,20,08,2008,2008,1,,,,,,,,,,,,,,,,,,,,,,,
Dwyane Wade,2008-09,20,09,2009,2009,1,,,,,,,,,,,,,,,,,,,,,,,
Dwyane Wade,2009-10,20,10,2010,2010,1,,,,,,,,,,,,,,,,,,,,,,,
Dwyane Wade,2010-11,20,11,2011,2011,1,,,,,,,,,,,,,,,,,,,,,,,
Dwyane Wade,2011-12,20,12,2012,2012,1,,,,,,,,,,,,,,,,,,,,,,,
Dwyane Wade,2012-13,20,13,2013,2013,1,,,,,,,,,,,,,,,,,,,,,,,
Dwyane Wade,2013-14,20,14,2014,2014,1,,,,,,,,,,,,,,,,,,,,,,,
Dwyane Wade,2014-15,20,15,2015,2015,1,,,,,,,,,,,,,,,,,,,,,,,
Dwyane Wade,2015-16,20,16,2016,2016,1,,,,,,,,,,,,,,,,,,,,,,,
Larry Bird,1979-80,19,80,1980,1980,1,,,,,,,,,,,,,,,,,,,,,,,
Larry Bird,1980-81,19,81,1981,1981,1,,,,,,,,,,,,,,,,,,,,,,,
Larry Bird,1981-82,19,82,1982,1982,1,,,,,,,,,,,,,,,,,,,,,,,
Larry Bird,1982-83,19,83,1983,1983,1,,,,,,,,,,,,,,,,,,,,,,,
Larry Bird,1983-84,19,84,1984,1984,1,,,,,,,,,,,,,,,,,,,,,,,
Larry Bird,1984-85,19,85,1985,1985,1,,,,,,,,,,,,,,,,,,,,,,,
Larry Bird,1985-86,19,86,1986,1986,1,,,,,,,,,,,,,,,,,,,,,,,
Larry Bird,1986-87,19,87,1987,1987,1,,,,,,,,,,,,,,,,,,,,,,,
Larry Bird,1987-88,19,88,1988,1988,1,,,,,,,,,,,,,,,,,,,,,,,
Larry Bird,1989-90,19,90,1990,1990,1,,,,,,,,,,,,,,,,,,,,,,,
Larry Bird,1990-91,19,91,1991,1991,1,,,,,,,,,,,,,,,,,,,,,,,
Larry Bird,1991-92,19,92,1992,1992,1,,,,,,,,,,,,,,,,,,,,,,,
Kevin Durant,2009-10,20,10,2010,2010,1,,,,,,,,,,,,,,,,,,,,,,,
Kevin Durant,2010-11,20,11,2011,2011,1,,,,,,,,,,,,,,,,,,,,,,,
Kevin Durant,2011-12,20,12,2012,2012,1,,,,,,,,,,,,,,,,,,,,,,,
Kevin Durant,2012-13,20,13,2013,2013,1,,,,,,,,,,,,,,,,,,,,,,,
Kevin Durant,2013-14,20,14,2014,2014,1,,,,,,,,,,,,,,,,,,,,,,,
Kevin Durant,2014-15,20,15,2015,2015,1,,,,,,,,,,,,,,,,,,,,,,,
Kevin Durant,2015-16,20,16,2016,2016,1,,,,,,,,,,,,,,,,,,,,,,,
Kevin Durant,2016-17,20,17,2017,2017,1,,,,,,,,,,,,,,,,,,,,,,,
George Gervin,1979-80,19,80,1980,1980,1,,,,,,,,,,,,,,,,,,,,,,,
George Gervin,1980-81,19,81,1981,1981,1,,,,,,,,,,,,,,,,,,,,,,,
George Gervin,1981-82,19,82,1982,1982,1,,,,,,,,,,,,,,,,,,,,,,,
George Gervin,1982-83,19,83,1983,1983,1,,,,,,,,,,,,,,,,,,,,,,,
George Gervin,1983-84,19,84,1984,1984,1,,,,,,,,,,,,,,,,,,,,,,,
George Gervin,1984-85,19,85,1985,1985,1,,,,,,,,,,,,,,,,,,,,,,,
Elvin Hayes,1979-80,19,80,1980,1980,1,,,,,,,,,,,,,,,,,,,,,,,
Magic Johnson,1979-80,19,80,1980,1980,1,,,,,,,,,,,,,,,,,,,,,,,
Magic Johnson,1981-82,19,82,1982,1982,1,,,,,,,,,,,,,,,,,,,,,,,
Magic Johnson,1982-83,19,83,1983,1983,1,,,,,,,,,,,,,,,,,,,,,,,
Magic Johnson,1983-84,19,84,1984,1984,1,,,,,,,,,,,,,,,,,,,,,,,
Magic Johnson,1984-85,19,85,1985,1985,1,,,,,,,,,,,,,,,,,,,,,,,
Magic Johnson,1985-86,19,86,1986,1986,1,,,,,,,,,,,,,,,,,,,,,,,
Magic Johnson,1986-87,19,87,1987,1987,1,,,,,,,,,,,,,,,,,,,,,,,
Magic Johnson,1987-88,19,88,1988,1988,1,,,,,,,,,,,,,,,,,,,,,,,
Magic Johnson,1988-89,19,89,1989,1989,1,,,,,,,,,,,,,,,,,,,,,,,
Magic Johnson,1989-90,19,90,1990,1990,1,,,,,,,,,,,,,,,,,,,,,,,
Magic Johnson,1990-91,19,91,1991,1991,1,,,,,,,,,,,,,,,,,,,,,,,
Magic Johnson,1991-92,19,92,1992,1992,1,,,,,,,,,,,,,,,,,,,,,,,
Hakeem Olajuwon,1984-85,19,85,1985,1985,1,,,,,,,,,,,,,,,,,,,,,,,
Hakeem Olajuwon,1985-86,19,86,1986,1986,1,,,,,,,,,,,,,,,,,,,,,,,
Hakeem Olajuwon,1986-87,19,87,1987,1987,1,,,,,,,,,,,,,,,,,,,,,,,
Hakeem Olajuwon,1987-88,19,88,1988,1988,1,,,,,,,,,,,,,,,,,,,,,,,
Hakeem Olajuwon,1988-89,19,89,1989,1989,1,,,,,,,,,,,,,,,,,,,,,,,
Hakeem Olajuwon,1989-90,19,90,1990,1990,1,,,,,,,,,,,,,,,,,,,,,,,
Hakeem Olajuwon,1991-92,19,92,1992,1992,1,,,,,,,,,,,,,,,,,,,,,,,
Hakeem Olajuwon,1992-93,19,93,1993,1993,1,,,,,,,,,,,,,,,,,,,,,,,
Hakeem Olajuwon,1993-94,19,94,1994,1994,1,,,,,,,,,,,,,,,,,,,,,,,
Hakeem Olajuwon,1994-95,19,95,1995,1995,1,,,,,,,,,,,,,,,,,,,,,,,
Hakeem Olajuwon,1995-96,19,96,1996,1996,1,,,,,,,,,,,,,,,,,,,,,,,
Hakeem Olajuwon,1996-97,19,97,1997,1997,1,,,,,,,,,,,,,,,,,,,,,,,
Chris Paul,2007-08,20,08,2008,2008,1,,,,,,,,,,,,,,,,,,,,,,,
Chris Paul,2008-09,20,09,2009,2009,1,,,,,,,,,,,,,,,,,,,,,,,
Chris Paul,2009-10,20,10,2010,2010,1,,,,,,,,,,,,,,,,,,,,,,,
Chris Paul,2010-11,20,11,2011,2011,1,,,,,,,,,,,,,,,,,,,,,,,
Chris Paul,2011-12,20,12,2012,2012,1,,,,,,,,,,,,,,,,,,,,,,,
Chris Paul,2012-13,20,13,2013,2013,1,,,,,,,,,,,,,,,,,,,,,,,
Chris Paul,2013-14,20,14,2014,2014,1,,,,,,,,,,,,,,,,,,,,,,,
Chris Paul,2014-15,20,15,2015,2015,1,,,,,,,,,,,,,,,,,,,,,,,
Chris Paul,2015-16,20,16,2016,2016,1,,,,,,,,,,,,,,,,,,,,,,,
Isiah Thomas,1981-82,19,82,1982,1982,1,,,,,,,,,,,,,,,,,,,,,,,
Isiah Thomas,1982-83,19,83,1983,1983,1,,,,,,,,,,,,,,,,,,,,,,,
Isiah Thomas,1983-84,19,84,1984,1984,1,,,,,,,,,,,,,,,,,,,,,,,
Isiah Thomas,1984-85,19,85,1985,1985,1,,,,,,,,,,,,,,,,,,,,,,,
Isiah Thomas,1985-86,19,86,1986,1986,1,,,,,,,,,,,,,,,,,,,,,,,
Isiah Thomas,1986-87,19,87,1987,1987,1,,,,,,,,,,,,,,,,,,,,,,,
Isiah Thomas,1987-88,19,88,1988,1988,1,,,,,,,,,,,,,,,,,,,,,,,
Isiah Thomas,1988-89,19,89,1989,1989,1,,,,,,,,,,,,,,,,,,,,,,,
Isiah Thomas,1989-90,19,90,1990,1990,1,,,,,,,,,,,,,,,,,,,,,,,
Isiah Thomas,1990-91,19,91,1991,1991,1,,,,,,,,,,,,,,,,,,,,,,,
Isiah Thomas,1991-92,19,92,1992,1992,1,,,,,,,,,,,,,,,,,,,,,,,
Isiah Thomas,1992-93,19,93,1993,1993,1,,,,,,,,,,,,,,,,,,,,,,,
Charles Barkley,1986-87,19,87,1987,1987,1,,,,,,,,,,,,,,,,,,,,,,,
Charles Barkley,1987-88,19,88,1988,1988,1,,,,,,,,,,,,,,,,,,,,,,,
Charles Barkley,1988-89,19,89,1989,1989,1,,,,,,,,,,,,,,,,,,,,,,,
Charles Barkley,1989-90,19,90,1990,1990,1,,,,,,,,,,,,,,,,,,,,,,,
Charles Barkley,1990-91,19,91,1991,1991,1,,,,,,,,,,,,,,,,,,,,,,,
Charles Barkley,1991-92,19,92,1992,1992,1,,,,,,,,,,,,,,,,,,,,,,,
Charles Barkley,1992-93,19,93,1993,1993,1,,,,,,,,,,,,,,,,,,,,,,,
Charles Barkley,1993-94,19,94,1994,1994,1,,,,,,,,,,,,,,,,,,,,,,,
Charles Barkley,1994-95,19,95,1995,1995,1,,,,,,,,,,,,,,,,,,,,,,,
Charles Barkley,1995-96,19,96,1996,1996,1,,,,,,,,,,,,,,,,,,,,,,,
Charles Barkley,1996-97,19,97,1997,1997,1,,,,,,,,,,,,,,,,,,,,,,,
Chris Bosh,2005-06,20,06,2006,2006,1,,,,,,,,,,,,,,,,,,,,,,,
Chris Bosh,2006-07,20,07,2007,2007,1,,,,,,,,,,,,,,,,,,,,,,,
Chris Bosh,2007-08,20,08,2008,2008,1,,,,,,,,,,,,,,,,,,,,,,,
Chris Bosh,2008-09,20,09,2009,2009,1,,,,,,,,,,,,,,,,,,,,,,,
Chris Bosh,2009-10,20,10,2010,2010,1,,,,,,,,,,,,,,,,,,,,,,,
Chris Bosh,2010-11,20,11,2011,2011,1,,,,,,,,,,,,,,,,,,,,,,,
Chris Bosh,2011-12,20,12,2012,2012,1,,,,,,,,,,,,,,,,,,,,,,,
Chris Bosh,2012-13,20,13,2013,2013,1,,,,,,,,,,,,,,,,,,,,,,,
Chris Bosh,2013-14,20,14,2014,2014,1,,,,,,,,,,,,,,,,,,,,,,,
Chris Bosh,2014-15,20,15,2015,2015,1,,,,,,,,,,,,,,,,,,,,,,,
Chris Bosh,2015-16,20,16,2016,2016,1,,,,,,,,,,,,,,,,,,,,,,,
Patrick Ewing,1985-86,19,86,1986,1986,1,,,,,,,,,,,,,,,,,,,,,,,
Patrick Ewing,1987-88,19,88,1988,1988,1,,,,,,,,,,,,,,,,,,,,,,,
Patrick Ewing,1988-89,19,89,1989,1989,1,,,,,,,,,,,,,,,,,,,,,,,
Patrick Ewing,1989-90,19,90,1990,1990,1,,,,,,,,,,,,,,,,,,,,,,,
Patrick Ewing,1990-91,19,91,1991,1991,1,,,,,,,,,,,,,,,,,,,,,,,
Patrick Ewing,1991-92,19,92,1992,1992,1,,,,,,,,,,,,,,,,,,,,,,,
Patrick Ewing,1992-93,19,93,1993,1993,1,,,,,,,,,,,,,,,,,,,,,,,
Patrick Ewing,1993-94,19,94,1994,1994,1,,,,,,,,,,,,,,,,,,,,,,,
Patrick Ewing,1994-95,19,95,1995,1995,1,,,,,,,,,,,,,,,,,,,,,,,
Patrick Ewing,1995-96,19,96,1996,1996,1,,,,,,,,,,,,,,,,,,,,,,,
Patrick Ewing,1996-97,19,97,1997,1997,1,,,,,,,,,,,,,,,,,,,,,,,
Artis Gilmore,1980-81,19,81,1981,1981,1,,,,,,,,,,,,,,,,,,,,,,,
Artis Gilmore,1981-82,19,82,1982,1982,1,,,,,,,,,,,,,,,,,,,,,,,
Artis Gilmore,1982-83,19,83,1983,1983,1,,,,,,,,,,,,,,,,,,,,,,,
Artis Gilmore,1985-86,19,86,1986,1986,1,,,,,,,,,,,,,,,,,,,,,,,
Allen Iverson,1999-00,19,00,1900,2000,1,,,,,,,,,,,,,,,,,,,,,,,
Allen Iverson,2000-01,20,01,2001,2001,1,,,,,,,,,,,,,,,,,,,,,,,
Allen Iverson,2001-02,20,02,2002,2002,1,,,,,,,,,,,,,,,,,,,,,,,
Allen Iverson,2002-03,20,03,2003,2003,1,,,,,,,,,,,,,,,,,,,,,,,
Allen Iverson,2003-04,20,04,2004,2004,1,,,,,,,,,,,,,,,,,,,,,,,
Allen Iverson,2004-05,20,05,2005,2005,1,,,,,,,,,,,,,,,,,,,,,,,
Allen Iverson,2005-06,20,06,2006,2006,1,,,,,,,,,,,,,,,,,,,,,,,
Allen Iverson,2006-07,20,07,2007,2007,1,,,,,,,,,,,,,,,,,,,,,,,
Allen Iverson,2007-08,20,08,2008,2008,1,,,,,,,,,,,,,,,,,,,,,,,
Allen Iverson,2008-09,20,09,2009,2009,1,,,,,,,,,,,,,,,,,,,,,,,
Allen Iverson,2009-10,20,10,2010,2010,1,,,,,,,,,,,,,,,,,,,,,,,
Ray Allen,1999-00,19,00,1900,2000,1,,,,,,,,,,,,,,,,,,,,,,,
Ray Allen,2000-01,20,01,2001,2001,1,,,,,,,,,,,,,,,,,,,,,,,
Ray Allen,2001-02,20,02,2002,2002,1,,,,,,,,,,,,,,,,,,,,,,,
Ray Allen,2003-04,20,04,2004,2004,1,,,,,,,,,,,,,,,,,,,,,,,
Ray Allen,2004-05,20,05,2005,2005,1,,,,,,,,,,,,,,,,,,,,,,,
Ray Allen,2005-06,20,06,2006,2006,1,,,,,,,,,,,,,,,,,,,,,,,
Ray Allen,2006-07,20,07,2007,2007,1,,,,,,,,,,,,,,,,,,,,,,,
Ray Allen,2007-08,20,08,2008,2008,1,,,,,,,,,,,,,,,,,,,,,,,
Ray Allen,2008-09,20,09,2009,2009,1,,,,,,,,,,,,,,,,,,,,,,,
Ray Allen,2010-11,20,11,2011,2011,1,,,,,,,,,,,,,,,,,,,,,,,
Carmelo Anthony,2006-07,20,07,2007,2007,1,,,,,,,,,,,,,,,,,,,,,,,
Carmelo Anthony,2007-08,20,08,2008,2008,1,,,,,,,,,,,,,,,,,,,,,,,
Carmelo Anthony,2009-10,20,10,2010,2010,1,,,,,,,,,,,,,,,,,,,,,,,
Carmelo Anthony,2010-11,20,11,2011,2011,1,,,,,,,,,,,,,,,,,,,,,,,
Carmelo Anthony,2011-12,20,12,2012,2012,1,,,,,,,,,,,,,,,,,,,,,,,
Carmelo Anthony,2012-13,20,13,2013,2013,1,,,,,,,,,,,,,,,,,,,,,,,
Carmelo Anthony,2013-14,20,14,2014,2014,1,,,,,,,,,,,,,,,,,,,,,,,
Carmelo Anthony,2014-15,20,15,2015,2015,1,,,,,,,,,,,,,,,,,,,,,,,
Carmelo Anthony,2015-16,20,16,2016,2016,1,,,,,,,,,,,,,,,,,,,,,,,
Carmelo Anthony,2016-17,20,17,2017,2017,1,,,,,,,,,,,,,,,,,,,,,,,
Clyde Drexler,1985-86,19,86,1986,1986,1,,,,,,,,,,,,,,,,,,,,,,,
Clyde Drexler,1987-88,19,88,1988,1988,1,,,,,,,,,,,,,,,,,,,,,,,
Clyde Drexler,1988-89,19,89,1989,1989,1,,,,,,,,,,,,,,,,,,,,,,,
Clyde Drexler,1989-90,19,90,1990,1990,1,,,,,,,,,,,,,,,,,,,,,,,
Clyde Drexler,1990-91,19,91,1991,1991,1,,,,,,,,,,,,,,,,,,,,,,,
Clyde Drexler,1991-92,19,92,1992,1992,1,,,,,,,,,,,,,,,,,,,,,,,
Clyde Drexler,1992-93,19,93,1993,1993,1,,,,,,,,,,,,,,,,,,,,,,,
Clyde Drexler,1993-94,19,94,1994,1994,1,,,,,,,,,,,,,,,,,,,,,,,
Clyde Drexler,1995-96,19,96,1996,1996,1,,,,,,,,,,,,,,,,,,,,,,,
Clyde Drexler,1996-97,19,97,1997,1997,1,,,,,,,,,,,,,,,,,,,,,,,
James Harden,2012-13,20,13,2013,2013,1,,,,,,,,,,,,,,,,,,,,,,,
James Harden,2013-14,20,14,2014,2014,1,,,,,,,,,,,,,,,,,,,,,,,
James Harden,2014-15,20,15,2015,2015,1,,,,,,,,,,,,,,,,,,,,,,,
James Harden,2015-16,20,16,2016,2016,1,,,,,,,,,,,,,,,,,,,,,,,
James Harden,2016-17,20,17,2017,2017,1,,,,,,,,,,,,,,,,,,,,,,,
Jason Kidd,1995-96,19,96,1996,1996,1,,,,,,,,,,,,,,,,,,,,,,,
Jason Kidd,1997-98,19,98,1998,1998,1,,,,,,,,,,,,,,,,,,,,,,,
Jason Kidd,1999-00,19,00,1900,2000,1,,,,,,,,,,,,,,,,,,,,,,,
Jason Kidd,2000-01,20,01,2001,2001,1,,,,,,,,,,,,,,,,,,,,,,,
Jason Kidd,2001-02,20,02,2002,2002,1,,,,,,,,,,,,,,,,,,,,,,,
Jason Kidd,2002-03,20,03,2003,2003,1,,,,,,,,,,,,,,,,,,,,,,,
Jason Kidd,2003-04,20,04,2004,2004,1,,,,,,,,,,,,,,,,,,,,,,,
Jason Kidd,2006-07,20,07,2007,2007,1,,,,,,,,,,,,,,,,,,,,,,,
Jason Kidd,2007-08,20,08,2008,2008,1,,,,,,,,,,,,,,,,,,,,,,,
Jason Kidd,2009-10,20,10,2010,2010,1,,,,,,,,,,,,,,,,,,,,,,,
Paul Pierce,2001-02,20,02,2002,2002,1,,,,,,,,,,,,,,,,,,,,,,,
Paul Pierce,2002-03,20,03,2003,2003,1,,,,,,,,,,,,,,,,,,,,,,,
Paul Pierce,2003-04,20,04,2004,2004,1,,,,,,,,,,,,,,,,,,,,,,,
Paul Pierce,2004-05,20,05,2005,2005,1,,,,,,,,,,,,,,,,,,,,,,,
Paul Pierce,2005-06,20,06,2006,2006,1,,,,,,,,,,,,,,,,,,,,,,,
Paul Pierce,2007-08,20,08,2008,2008,1,,,,,,,,,,,,,,,,,,,,,,,
Paul Pierce,2008-09,20,09,2009,2009,1,,,,,,,,,,,,,,,,,,,,,,,
Paul Pierce,2009-10,20,10,2010,2010,1,,,,,,,,,,,,,,,,,,,,,,,
Paul Pierce,2010-11,20,11,2011,2011,1,,,,,,,,,,,,,,,,,,,,,,,
Paul Pierce,2011-12,20,12,2012,2012,1,,,,,,,,,,,,,,,,,,,,,,,
David Robinson,1989-90,19,90,1990,1990,1,,,,,,,,,,,,,,,,,,,,,,,
David Robinson,1990-91,19,91,1991,1991,1,,,,,,,,,,,,,,,,,,,,,,,
David Robinson,1991-92,19,92,1992,1992,1,,,,,,,,,,,,,,,,,,,,,,,
David Robinson,1992-93,19,93,1993,1993,1,,,,,,,,,,,,,,,,,,,,,,,
David Robinson,1993-94,19,94,1994,1994,1,,,,,,,,,,,,,,,,,,,,,,,
David Robinson,1994-95,19,95,1995,1995,1,,,,,,,,,,,,,,,,,,,,,,,
David Robinson,1995-96,19,96,1996,1996,1,,,,,,,,,,,,,,,,,,,,,,,
David Robinson,1997-98,19,98,1998,1998,1,,,,,,,,,,,,,,,,,,,,,,,
David Robinson,1999-00,19,00,1900,2000,1,,,,,,,,,,,,,,,,,,,,,,,
David Robinson,2000-01,20,01,2001,2001,1,,,,,,,,,,,,,,,,,,,,,,,
John Stockton,1988-89,19,89,1989,1989,1,,,,,,,,,,,,,,,,,,,,,,,
John Stockton,1989-90,19,90,1990,1990,1,,,,,,,,,,,,,,,,,,,,,,,
John Stockton,1990-91,19,91,1991,1991,1,,,,,,,,,,,,,,,,,,,,,,,
John Stockton,1991-92,19,92,1992,1992,1,,,,,,,,,,,,,,,,,,,,,,,
John Stockton,1992-93,19,93,1993,1993,1,,,,,,,,,,,,,,,,,,,,,,,
John Stockton,1993-94,19,94,1994,1994,1,,,,,,,,,,,,,,,,,,,,,,,
John Stockton,1994-95,19,95,1995,1995,1,,,,,,,,,,,,,,,,,,,,,,,
John Stockton,1995-96,19,96,1996,1996,1,,,,,,,,,,,,,,,,,,,,,,,
John Stockton,1996-97,19,97,1997,1997,1,,,,,,,,,,,,,,,,,,,,,,,
John Stockton,1999-00,19,00,1900,2000,1,,,,,,,,,,,,,,,,,,,,,,,
Robert Parish,1980-81,19,81,1981,1981,1,,,,,,,,,,,,,,,,,,,,,,,
Robert Parish,1981-82,19,82,1982,1982,1,,,,,,,,,,,,,,,,,,,,,,,
Robert Parish,1982-83,19,83,1983,1983,1,,,,,,,,,,,,,,,,,,,,,,,
Robert Parish,1983-84,19,84,1984,1984,1,,,,,,,,,,,,,,,,,,,,,,,
Robert Parish,1984-85,19,85,1985,1985,1,,,,,,,,,,,,,,,,,,,,,,,
Robert Parish,1985-86,19,86,1986,1986,1,,,,,,,,,,,,,,,,,,,,,,,
Robert Parish,1986-87,19,87,1987,1987,1,,,,,,,,,,,,,,,,,,,,,,,
Robert Parish,1989-90,19,90,1990,1990,1,,,,,,,,,,,,,,,,,,,,,,,
Robert Parish,1990-91,19,91,1991,1991,1,,,,,,,,,,,,,,,,,,,,,,,
Gary Payton,1993-94,19,94,1994,1994,1,,,,,,,,,,,,,,,,,,,,,,,
Gary Payton,1994-95,19,95,1995,1995,1,,,,,,,,,,,,,,,,,,,,,,,
Gary Payton,1995-96,19,96,1996,1996,1,,,,,,,,,,,,,,,,,,,,,,,
Gary Payton,1996-97,19,97,1997,1997,1,,,,,,,,,,,,,,,,,,,,,,,
Gary Payton,1997-98,19,98,1998,1998,1,,,,,,,,,,,,,,,,,,,,,,,
Gary Payton,1999-00,19,00,1900,2000,1,,,,,,,,,,,,,,,,,,,,,,,
Gary Payton,2000-01,20,01,2001,2001,1,,,,,,,,,,,,,,,,,,,,,,,
Gary Payton,2001-02,20,02,2002,2002,1,,,,,,,,,,,,,,,,,,,,,,,
Gary Payton,2002-03,20,03,2003,2003,1,,,,,,,,,,,,,,,,,,,,,,,
Russell Westbrook,2010-11,20,11,2011,2011,1,,,,,,,,,,,,,,,,,,,,,,,
Russell Westbrook,2011-12,20,12,2012,2012,1,,,,,,,,,,,,,,,,,,,,,,,
Russell Westbrook,2012-13,20,13,2013,2013,1,,,,,,,,,,,,,,,,,,,,,,,
Russell Westbrook,2014-15,20,15,2015,2015,1,,,,,,,,,,,,,,,,,,,,,,,
Russell Westbrook,2015-16,20,16,2016,2016,1,,,,,,,,,,,,,,,,,,,,,,,
Russell Westbrook,2016-17,20,17,2017,2017,1,,,,,,,,,,,,,,,,,,,,,,,
Dominique Wilkins,1985-86,19,86,1986,1986,1,,,,,,,,,,,,,,,,,,,,,,,
Dominique Wilkins,1986-87,19,87,1987,1987,1,,,,,,,,,,,,,,,,,,,,,,,
Dominique Wilkins,1987-88,19,88,1988,1988,1,,,,,,,,,,,,,,,,,,,,,,,
Dominique Wilkins,1988-89,19,89,1989,1989,1,,,,,,,,,,,,,,,,,,,,,,,
Dominique Wilkins,1989-90,19,90,1990,1990,1,,,,,,,,,,,,,,,,,,,,,,,
Dominique Wilkins,1990-91,19,91,1991,1991,1,,,,,,,,,,,,,,,,,,,,,,,
Dominique Wilkins,1991-92,19,92,1992,1992,1,,,,,,,,,,,,,,,,,,,,,,,
Dominique Wilkins,1992-93,19,93,1993,1993,1,,,,,,,,,,,,,,,,,,,,,,,
Dominique Wilkins,1993-94,19,94,1994,1994,1,,,,,,,,,,,,,,,,,,,,,,,
Vince Carter,1999-00,19,00,1900,2000,1,,,,,,,,,,,,,,,,,,,,,,,
Vince Carter,2000-01,20,01,2001,2001,1,,,,,,,,,,,,,,,,,,,,,,,
Vince Carter,2001-02,20,02,2002,2002,1,,,,,,,,,,,,,,,,,,,,,,,
Vince Carter,2002-03,20,03,2003,2003,1,,,,,,,,,,,,,,,,,,,,,,,
Vince Carter,2003-04,20,04,2004,2004,1,,,,,,,,,,,,,,,,,,,,,,,
Vince Carter,2004-05,20,05,2005,2005,1,,,,,,,,,,,,,,,,,,,,,,,
Vince Carter,2005-06,20,06,2006,2006,1,,,,,,,,,,,,,,,,,,,,,,,
Vince Carter,2006-07,20,07,2007,2007,1,,,,,,,,,,,,,,,,,,,,,,,
Dave Cowens,1979-80,19,80,1980,1980,1,,,,,,,,,,,,,,,,,,,,,,,
Stephen Curry,2013-14,20,14,2014,2014,1,,,,,,,,,,,,,,,,,,,,,,,
Stephen Curry,2014-15,20,15,2015,2015,1,,,,,,,,,,,,,,,,,,,,,,,
Stephen Curry,2015-16,20,16,2016,2016,1,,,,,,,,,,,,,,,,,,,,,,,
Stephen Curry,2016-17,20,17,2017,2017,1,,,,,,,,,,,,,,,,,,,,,,,
Anthony Davis,2013-14,20,14,2014,2014,1,,,,,,,,,,,,,,,,,,,,,,,
Anthony Davis,2014-15,20,15,2015,2015,1,,,,,,,,,,,,,,,,,,,,,,,
Anthony Davis,2015-16,20,16,2016,2016,1,,,,,,,,,,,,,,,,,,,,,,,
Anthony Davis,2016-17,20,17,2017,2017,1,,,,,,,,,,,,,,,,,,,,,,,
Alex English,1981-82,19,82,1982,1982,1,,,,,,,,,,,,,,,,,,,,,,,
Alex English,1982-83,19,83,1983,1983,1,,,,,,,,,,,,,,,,,,,,,,,
Alex English,1983-84,19,84,1984,1984,1,,,,,,,,,,,,,,,,,,,,,,,
Alex English,1984-85,19,85,1985,1985,1,,,,,,,,,,,,,,,,,,,,,,,
Alex English,1985-86,19,86,1986,1986,1,,,,,,,,,,,,,,,,,,,,,,,
Alex English,1986-87,19,87,1987,1987,1,,,,,,,,,,,,,,,,,,,,,,,
Alex English,1987-88,19,88,1988,1988,1,,,,,,,,,,,,,,,,,,,,,,,
Alex English,1988-89,19,89,1989,1989,1,,,,,,,,,,,,,,,,,,,,,,,
Dwight Howard,2006-07,20,07,2007,2007,1,,,,,,,,,,,,,,,,,,,,,,,
Dwight Howard,2007-08,20,08,2008,2008,1,,,,,,,,,,,,,,,,,,,,,,,
Dwight Howard,2008-09,20,09,2009,2009,1,,,,,,,,,,,,,,,,,,,,,,,
Dwight Howard,2009-10,20,10,2010,2010,1,,,,,,,,,,,,,,,,,,,,,,,
Dwight Howard,2010-11,20,11,2011,2011,1,,,,,,,,,,,,,,,,,,,,,,,
Dwight Howard,2011-12,20,12,2012,2012,1,,,,,,,,,,,,,,,,,,,,,,,
Dwight Howard,2012-13,20,13,2013,2013,1,,,,,,,,,,,,,,,,,,,,,,,
Dwight Howard,2013-14,20,14,2014,2014,1,,,,,,,,,,,,,,,,,,,,,,,
Bob Lanier,1981-82,19,82,1982,1982,1,,,,,,,,,,,,,,,,,,,,,,,
Yao Ming,2002-03,20,03,2003,2003,1,,,,,,,,,,,,,,,,,,,,,,,
Yao Ming,2003-04,20,04,2004,2004,1,,,,,,,,,,,,,,,,,,,,,,,
Yao Ming,2004-05,20,05,2005,2005,1,,,,,,,,,,,,,,,,,,,,,,,
Yao Ming,2005-06,20,06,2006,2006,1,,,,,,,,,,,,,,,,,,,,,,,
Yao Ming,2006-07,20,07,2007,2007,1,,,,,,,,,,,,,,,,,,,,,,,
Yao Ming,2007-08,20,08,2008,2008,1,,,,,,,,,,,,,,,,,,,,,,,
Yao Ming,2008-09,20,09,2009,2009,1,,,,,,,,,,,,,,,,,,,,,,,
Yao Ming,2010-11,20,11,2011,2011,1,,,,,,,,,,,,,,,,,,,,,,,
Dikembe Mutombo,1991-92,19,92,1992,1992,1,,,,,,,,,,,,,,,,,,,,,,,
Dikembe Mutombo,1994-95,19,95,1995,1995,1,,,,,,,,,,,,,,,,,,,,,,,
Dikembe Mutombo,1995-96,19,96,1996,1996,1,,,,,,,,,,,,,,,,,,,,,,,
Dikembe Mutombo,1996-97,19,97,1997,1997,1,,,,,,,,,,,,,,,,,,,,,,,
Dikembe Mutombo,1997-98,19,98,1998,1998,1,,,,,,,,,,,,,,,,,,,,,,,
Dikembe Mutombo,1999-00,19,00,1900,2000,1,,,,,,,,,,,,,,,,,,,,,,,
Dikembe Mutombo,2000-01,20,01,2001,2001,1,,,,,,,,,,,,,,,,,,,,,,,
Dikembe Mutombo,2001-02,20,02,2002,2002,1,,,,,,,,,,,,,,,,,,,,,,,
Steve Nash,2001-02,20,02,2002,2002,1,,,,,,,,,,,,,,,,,,,,,,,
Steve Nash,2002-03,20,03,2003,2003,1,,,,,,,,,,,,,,,,,,,,,,,
Steve Nash,2004-05,20,05,2005,2005,1,,,,,,,,,,,,,,,,,,,,,,,
Steve Nash,2005-06,20,06,2006,2006,1,,,,,,,,,,,,,,,,,,,,,,,
Steve Nash,2006-07,20,07,2007,2007,1,,,,,,,,,,,,,,,,,,,,,,,
Steve Nash,2007-08,20,08,2008,2008,1,,,,,,,,,,,,,,,,,,,,,,,
Steve Nash,2009-10,20,10,2010,2010,1,,,,,,,,,,,,,,,,,,,,,,,
Steve Nash,2011-12,20,12,2012,2012,1,,,,,,,,,,,,,,,,,,,,,,,
LaMarcus Aldridge,2011-12,20,12,2012,2012,1,,,,,,,,,,,,,,,,,,,,,,,
LaMarcus Aldridge,2012-13,20,13,2013,2013,1,,,,,,,,,,,,,,,,,,,,,,,
LaMarcus Aldridge,2013-14,20,14,2014,2014,1,,,,,,,,,,,,,,,,,,,,,,,
LaMarcus Aldridge,2014-15,20,15,2015,2015,1,,,,,,,,,,,,,,,,,,,,,,,
LaMarcus Aldridge,2015-16,20,16,2016,2016,1,,,,,,,,,,,,,,,,,,,,,,,
Paul George,2012-13,20,13,2013,2013,1,,,,,,,,,,,,,,,,,,,,,,,
Paul George,2013-14,20,14,2014,2014,1,,,,,,,,,,,,,,,,,,,,,,,
Paul George,2015-16,20,16,2016,2016,1,,,,,,,,,,,,,,,,,,,,,,,
Paul George,2016-17,20,17,2017,2017,1,,,,,,,,,,,,,,,,,,,,,,,
Grant Hill,1994-95,19,95,1995,1995,1,,,,,,,,,,,,,,,,,,,,,,,
Grant Hill,1995-96,19,96,1996,1996,1,,,,,,,,,,,,,,,,,,,,,,,
Grant Hill,1996-97,19,97,1997,1997,1,,,,,,,,,,,,,,,,,,,,,,,
Grant Hill,1997-98,19,98,1998,1998,1,,,,,,,,,,,,,,,,,,,,,,,
Grant Hill,1999-00,19,00,1900,2000,1,,,,,,,,,,,,,,,,,,,,,,,
Grant Hill,2000-01,20,01,2001,2001,1,,,,,,,,,,,,,,,,,,,,,,,
Grant Hill,2004-05,20,05,2005,2005,1,,,,,,,,,,,,,,,,,,,,,,,
Kyrie Irving,2012-13,20,13,2013,2013,1,,,,,,,,,,,,,,,,,,,,,,,
Kyrie Irving,2013-14,20,14,2014,2014,1,,,,,,,,,,,,,,,,,,,,,,,
Kyrie Irving,2014-15,20,15,2015,2015,1,,,,,,,,,,,,,,,,,,,,,,,
Kyrie Irving,2016-17,20,17,2017,2017,1,,,,,,,,,,,,,,,,,,,,,,,
Joe Johnson,2006-07,20,07,2007,2007,1,,,,,,,,,,,,,,,,,,,,,,,
Joe Johnson,2007-08,20,08,2008,2008,1,,,,,,,,,,,,,,,,,,,,,,,
Joe Johnson,2008-09,20,09,2009,2009,1,,,,,,,,,,,,,,,,,,,,,,,
Joe Johnson,2009-10,20,10,2010,2010,1,,,,,,,,,,,,,,,,,,,,,,,
Joe Johnson,2010-11,20,11,2011,2011,1,,,,,,,,,,,,,,,,,,,,,,,
Joe Johnson,2011-12,20,12,2012,2012,1,,,,,,,,,,,,,,,,,,,,,,,
Joe Johnson,2013-14,20,14,2014,2014,1,,,,,,,,,,,,,,,,,,,,,,,
Tracy McGrady,2000-01,20,01,2001,2001,1,,,,,,,,,,,,,,,,,,,,,,,
Tracy McGrady,2001-02,20,02,2002,2002,1,,,,,,,,,,,,,,,,,,,,,,,
Tracy McGrady,2002-03,20,03,2003,2003,1,,,,,,,,,,,,,,,,,,,,,,,
Tracy McGrady,2003-04,20,04,2004,2004,1,,,,,,,,,,,,,,,,,,,,,,,
Tracy McGrady,2004-05,20,05,2005,2005,1,,,,,,,,,,,,,,,,,,,,,,,
Tracy McGrady,2005-06,20,06,2006,2006,1,,,,,,,,,,,,,,,,,,,,,,,
Tracy McGrady,2006-07,20,07,2007,2007,1,,,,,,,,,,,,,,,,,,,,,,,
Kevin McHale,1983-84,19,84,1984,1984,1,,,,,,,,,,,,,,,,,,,,,,,
Kevin McHale,1985-86,19,86,1986,1986,1,,,,,,,,,,,,,,,,,,,,,,,
Kevin McHale,1986-87,19,87,1987,1987,1,,,,,,,,,,,,,,,,,,,,,,,
Kevin McHale,1987-88,19,88,1988,1988,1,,,,,,,,,,,,,,,,,,,,,,,
Kevin McHale,1988-89,19,89,1989,1989,1,,,,,,,,,,,,,,,,,,,,,,,
Kevin McHale,1989-90,19,90,1990,1990,1,,,,,,,,,,,,,,,,,,,,,,,
Kevin McHale,1990-91,19,91,1991,1991,1,,,,,,,,,,,,,,,,,,,,,,,
Alonzo Mourning,1993-94,19,94,1994,1994,1,,,,,,,,,,,,,,,,,,,,,,,
Alonzo Mourning,1994-95,19,95,1995,1995,1,,,,,,,,,,,,,,,,,,,,,,,
Alonzo Mourning,1995-96,19,96,1996,1996,1,,,,,,,,,,,,,,,,,,,,,,,
Alonzo Mourning,1996-97,19,97,1997,1997,1,,,,,,,,,,,,,,,,,,,,,,,
Alonzo Mourning,1999-00,19,00,1900,2000,1,,,,,,,,,,,,,,,,,,,,,,,
Alonzo Mourning,2000-01,20,01,2001,2001,1,,,,,,,,,,,,,,,,,,,,,,,
Alonzo Mourning,2001-02,20,02,2002,2002,1,,,,,,,,,,,,,,,,,,,,,,,
Scottie Pippen,1989-90,19,90,1990,1990,1,,,,,,,,,,,,,,,,,,,,,,,
Scottie Pippen,1991-92,19,92,1992,1992,1,,,,,,,,,,,,,,,,,,,,,,,
Scottie Pippen,1992-93,19,93,1993,1993,1,,,,,,,,,,,,,,,,,,,,,,,
Scottie Pippen,1993-94,19,94,1994,1994,1,,,,,,,,,,,,,,,,,,,,,,,
Scottie Pippen,1994-95,19,95,1995,1995,1,,,,,,,,,,,,,,,,,,,,,,,
Scottie Pippen,1995-96,19,96,1996,1996,1,,,,,,,,,,,,,,,,,,,,,,,
Scottie Pippen,1996-97,19,97,1997,1997,1,,,,,,,,,,,,,,,,,,,,,,,
Jack Sikma,1979-80,19,80,1980,1980,1,,,,,,,,,,,,,,,,,,,,,,,
Jack Sikma,1980-81,19,81,1981,1981,1,,,,,,,,,,,,,,,,,,,,,,,
Jack Sikma,1981-82,19,82,1982,1982,1,,,,,,,,,,,,,,,,,,,,,,,
Jack Sikma,1982-83,19,83,1983,1983,1,,,,,,,,,,,,,,,,,,,,,,,
Jack Sikma,1983-84,19,84,1984,1984,1,,,,,,,,,,,,,,,,,,,,,,,
James Worthy,1985-86,19,86,1986,1986,1,,,,,,,,,,,,,,,,,,,,,,,
James Worthy,1986-87,19,87,1987,1987,1,,,,,,,,,,,,,,,,,,,,,,,
James Worthy,1987-88,19,88,1988,1988,1,,,,,,,,,,,,,,,,,,,,,,,
James Worthy,1988-89,19,89,1989,1989,1,,,,,,,,,,,,,,,,,,,,,,,
James Worthy,1989-90,19,90,1990,1990,1,,,,,,,,,,,,,,,,,,,,,,,
James Worthy,1990-91,19,91,1991,1991,1,,,,,,,,,,,,,,,,,,,,,,,
James Worthy,1991-92,19,92,1992,1992,1,,,,,,,,,,,,,,,,,,,,,,,
Giannis Antetokounmpo,2016-17,20,17,2017,2017,1,,,,,,,,,,,,,,,,,,,,,,,
Tiny Archibald,1979-80,19,80,1980,1980,1,,,,,,,,,,,,,,,,,,,,,,,
Tiny Archibald,1980-81,19,81,1981,1981,1,,,,,,,,,,,,,,,,,,,,,,,
Tiny Archibald,1981-82,19,82,1982,1982,1,,,,,,,,,,,,,,,,,,,,,,,
Jimmy Butler,2014-15,20,15,2015,2015,1,,,,,,,,,,,,,,,,,,,,,,,
Jimmy Butler,2015-16,20,16,2016,2016,1,,,,,,,,,,,,,,,,,,,,,,,
Jimmy Butler,2016-17,20,17,2017,2017,1,,,,,,,,,,,,,,,,,,,,,,,
Adrian Dantley,1979-80,19,80,1980,1980,1,,,,,,,,,,,,,,,,,,,,,,,
Adrian Dantley,1980-81,19,81,1981,1981,1,,,,,,,,,,,,,,,,,,,,,,,
Adrian Dantley,1981-82,19,82,1982,1982,1,,,,,,,,,,,,,,,,,,,,,,,
Adrian Dantley,1983-84,19,84,1984,1984,1,,,,,,,,,,,,,,,,,,,,,,,
Adrian Dantley,1984-85,19,85,1985,1985,1,,,,,,,,,,,,,,,,,,,,,,,
Adrian Dantley,1985-86,19,86,1986,1986,1,,,,,,,,,,,,,,,,,,,,,,,
Walter Davis,1979-80,19,80,1980,1980,1,,,,,,,,,,,,,,,,,,,,,,,
Walter Davis,1980-81,19,81,1981,1981,1,,,,,,,,,,,,,,,,,,,,,,,
Walter Davis,1983-84,19,84,1984,1984,1,,,,,,,,,,,,,,,,,,,,,,,
Walter Davis,1986-87,19,87,1987,1987,1,,,,,,,,,,,,,,,,,,,,,,,
Joe Dumars,1989-90,19,90,1990,1990,1,,,,,,,,,,,,,,,,,,,,,,,
Joe Dumars,1990-91,19,91,1991,1991,1,,,,,,,,,,,,,,,,,,,,,,,
Joe Dumars,1991-92,19,92,1992,1992,1,,,,,,,,,,,,,,,,,,,,,,,
Joe Dumars,1992-93,19,93,1993,1993,1,,,,,,,,,,,,,,,,,,,,,,,
Joe Dumars,1994-95,19,95,1995,1995,1,,,,,,,,,,,,,,,,,,,,,,,
Joe Dumars,1996-97,19,97,1997,1997,1,,,,,,,,,,,,,,,,,,,,,,,
Pau Gasol,2005-06,20,06,2006,2006,1,,,,,,,,,,,,,,,,,,,,,,,
Pau Gasol,2008-09,20,09,2009,2009,1,,,,,,,,,,,,,,,,,,,,,,,
Pau Gasol,2009-10,20,10,2010,2010,1,,,,,,,,,,,,,,,,,,,,,,,
Pau Gasol,2010-11,20,11,2011,2011,1,,,,,,,,,,,,,,,,,,,,,,,
Pau Gasol,2014-15,20,15,2015,2015,1,,,,,,,,,,,,,,,,,,,,,,,
Pau Gasol,2015-16,20,16,2016,2016,1,,,,,,,,,,,,,,,,,,,,,,,
Blake Griffin,2010-11,20,11,2011,2011,1,,,,,,,,,,,,,,,,,,,,,,,
Blake Griffin,2011-12,20,12,2012,2012,1,,,,,,,,,,,,,,,,,,,,,,,
Blake Griffin,2012-13,20,13,2013,2013,1,,,,,,,,,,,,,,,,,,,,,,,
Blake Griffin,2013-14,20,14,2014,2014,1,,,,,,,,,,,,,,,,,,,,,,,
Blake Griffin,2014-15,20,15,2015,2015,1,,,,,,,,,,,,,,,,,,,,,,,
Shawn Kemp,1992-93,19,93,1993,1993,1,,,,,,,,,,,,,,,,,,,,,,,
Shawn Kemp,1993-94,19,94,1994,1994,1,,,,,,,,,,,,,,,,,,,,,,,
Shawn Kemp,1994-95,19,95,1995,1995,1,,,,,,,,,,,,,,,,,,,,,,,
Shawn Kemp,1995-96,19,96,1996,1996,1,,,,,,,,,,,,,,,,,,,,,,,
Shawn Kemp,1996-97,19,97,1997,1997,1,,,,,,,,,,,,,,,,,,,,,,,
Shawn Kemp,1997-98,19,98,1998,1998,1,,,,,,,,,,,,,,,,,,,,,,,
Damian Lillard,2013-14,20,14,2014,2014,1,,,,,,,,,,,,,,,,,,,,,,,
Damian Lillard,2014-15,20,15,2015,2015,1,,,,,,,,,,,,,,,,,,,,,,,
Kyle Lowry,2014-15,20,15,2015,2015,1,,,,,,,,,,,,,,,,,,,,,,,
Kyle Lowry,2015-16,20,16,2016,2016,1,,,,,,,,,,,,,,,,,,,,,,,
Kyle Lowry,2016-17,20,17,2017,2017,1,,,,,,,,,,,,,,,,,,,,,,,
Jermaine O'Neal,2001-02,20,02,2002,2002,1,,,,,,,,,,,,,,,,,,,,,,,
Jermaine O'Neal,2002-03,20,03,2003,2003,1,,,,,,,,,,,,,,,,,,,,,,,
Jermaine O'Neal,2003-04,20,04,2004,2004,1,,,,,,,,,,,,,,,,,,,,,,,
Jermaine O'Neal,2004-05,20,05,2005,2005,1,,,,,,,,,,,,,,,,,,,,,,,
Jermaine O'Neal,2005-06,20,06,2006,2006,1,,,,,,,,,,,,,,,,,,,,,,,
Jermaine O'Neal,2006-07,20,07,2007,2007,1,,,,,,,,,,,,,,,,,,,,,,,
Tony Parker,2005-06,20,06,2006,2006,1,,,,,,,,,,,,,,,,,,,,,,,
Tony Parker,2006-07,20,07,2007,2007,1,,,,,,,,,,,,,,,,,,,,,,,
Tony Parker,2008-09,20,09,2009,2009,1,,,,,,,,,,,,,,,,,,,,,,,
Tony Parker,2011-12,20,12,2012,2012,1,,,,,,,,,,,,,,,,,,,,,,,
Tony Parker,2012-13,20,13,2013,2013,1,,,,,,,,,,,,,,,,,,,,,,,
Tony Parker,2013-14,20,14,2014,2014,1,,,,,,,,,,,,,,,,,,,,,,,
Mitch Richmond,1992-93,19,93,1993,1993,1,,,,,,,,,,,,,,,,,,,,,,,
Mitch Richmond,1993-94,19,94,1994,1994,1,,,,,,,,,,,,,,,,,,,,,,,
Mitch Richmond,1994-95,19,95,1995,1995,1,,,,,,,,,,,,,,,,,,,,,,,
Mitch Richmond,1995-96,19,96,1996,1996,1,,,,,,,,,,,,,,,,,,,,,,,
Mitch Richmond,1996-97,19,97,1997,1997,1,,,,,,,,,,,,,,,,,,,,,,,
Mitch Richmond,1997-98,19,98,1998,1998,1,,,,,,,,,,,,,,,,,,,,,,,
Amar'e Stoudemire,2004-05,20,05,2005,2005,1,,,,,,,,,,,,,,,,,,,,,,,
Amar'e Stoudemire,2006-07,20,07,2007,2007,1,,,,,,,,,,,,,,,,,,,,,,,
Amar'e Stoudemire,2007-08,20,08,2008,2008,1,,,,,,,,,,,,,,,,,,,,,,,
Amar'e Stoudemire,2008-09,20,09,2009,2009,1,,,,,,,,,,,,,,,,,,,,,,,
Amar'e Stoudemire,2009-10,20,10,2010,2010,1,,,,,,,,,,,,,,,,,,,,,,,
Amar'e Stoudemire,2010-11,20,11,2011,2011,1,,,,,,,,,,,,,,,,,,,,,,,
Chauncey Billups,2005-06,20,06,2006,2006,1,,,,,,,,,,,,,,,,,,,,,,,
Chauncey Billups,2006-07,20,07,2007,2007,1,,,,,,,,,,,,,,,,,,,,,,,
Chauncey Billups,2007-08,20,08,2008,2008,1,,,,,,,,,,,,,,,,,,,,,,,
Chauncey Billups,2008-09,20,09,2009,2009,1,,,,,,,,,,,,,,,,,,,,,,,
Chauncey Billups,2009-10,20,10,2010,2010,1,,,,,,,,,,,,,,,,,,,,,,,
Brad Daugherty,1987-88,19,88,1988,1988,1,,,,,,,,,,,,,,,,,,,,,,,
Brad Daugherty,1988-89,19,89,1989,1989,1,,,,,,,,,,,,,,,,,,,,,,,
Brad Daugherty,1990-91,19,91,1991,1991,1,,,,,,,,,,,,,,,,,,,,,,,
Brad Daugherty,1991-92,19,92,1992,1992,1,,,,,,,,,,,,,,,,,,,,,,,
Brad Daugherty,1992-93,19,93,1993,1993,1,,,,,,,,,,,,,,,,,,,,,,,
DeMar DeRozan,2013-14,20,14,2014,2014,1,,,,,,,,,,,,,,,,,,,,,,,
DeMar DeRozan,2015-16,20,16,2016,2016,1,,,,,,,,,,,,,,,,,,,,,,,
DeMar DeRozan,2016-17,20,17,2017,2017,1,,,,,,,,,,,,,,,,,,,,,,,
Tim Hardaway,1990-91,19,91,1991,1991,1,,,,,,,,,,,,,,,,,,,,,,,
Tim Hardaway,1991-92,19,92,1992,1992,1,,,,,,,,,,,,,,,,,,,,,,,
Tim Hardaway,1992-93,19,93,1993,1993,1,,,,,,,,,,,,,,,,,,,,,,,
Tim Hardaway,1996-97,19,97,1997,1997,1,,,,,,,,,,,,,,,,,,,,,,,
Tim Hardaway,1997-98,19,98,1998,1998,1,,,,,,,,,,,,,,,,,,,,,,,
Al Horford,2009-10,20,10,2010,2010,1,,,,,,,,,,,,,,,,,,,,,,,
Al Horford,2010-11,20,11,2011,2011,1,,,,,,,,,,,,,,,,,,,,,,,
Al Horford,2014-15,20,15,2015,2015,1,,,,,,,,,,,,,,,,,,,,,,,
Al Horford,2015-16,20,16,2016,2016,1,,,,,,,,,,,,,,,,,,,,,,,
Dennis Johnson,1979-80,19,80,1980,1980,1,,,,,,,,,,,,,,,,,,,,,,,
Dennis Johnson,1980-81,19,81,1981,1981,1,,,,,,,,,,,,,,,,,,,,,,,
Dennis Johnson,1981-82,19,82,1982,1982,1,,,,,,,,,,,,,,,,,,,,,,,
Dennis Johnson,1984-85,19,85,1985,1985,1,,,,,,,,,,,,,,,,,,,,,,,
Marques Johnson,1979-80,19,80,1980,1980,1,,,,,,,,,,,,,,,,,,,,,,,
Marques Johnson,1980-81,19,81,1981,1981,1,,,,,,,,,,,,,,,,,,,,,,,
Marques Johnson,1982-83,19,83,1983,1983,1,,,,,,,,,,,,,,,,,,,,,,,
Marques Johnson,1985-86,19,86,1986,1986,1,,,,,,,,,,,,,,,,,,,,,,,
Bobby Jones,1980-81,19,81,1981,1981,1,,,,,,,,,,,,,,,,,,,,,,,
Bobby Jones,1981-82,19,82,1982,1982,1,,,,,,,,,,,,,,,,,,,,,,,
Kawhi Leonard,2015-16,20,16,2016,2016,1,,,,,,,,,,,,,,,,,,,,,,,
Kawhi Leonard,2016-17,20,17,2017,2017,1,,,,,,,,,,,,,,,,,,,,,,,
Kevin Love,2010-11,20,11,2011,2011,1,,,,,,,,,,,,,,,,,,,,,,,
Kevin Love,2011-12,20,12,2012,2012,1,,,,,,,,,,,,,,,,,,,,,,,
Kevin Love,2013-14,20,14,2014,2014,1,,,,,,,,,,,,,,,,,,,,,,,
Kevin Love,2016-17,20,17,2017,2017,1,,,,,,,,,,,,,,,,,,,,,,,
Maurice Lucas,1982-83,19,83,1983,1983,1,,,,,,,,,,,,,,,,,,,,,,,
Reggie Miller,1989-90,19,90,1990,1990,1,,,,,,,,,,,,,,,,,,,,,,,
Reggie Miller,1994-95,19,95,1995,1995,1,,,,,,,,,,,,,,,,,,,,,,,
Reggie Miller,1995-96,19,96,1996,1996,1,,,,,,,,,,,,,,,,,,,,,,,
Reggie Miller,1997-98,19,98,1998,1998,1,,,,,,,,,,,,,,,,,,,,,,,
Reggie Miller,1999-00,19,00,1900,2000,1,,,,,,,,,,,,,,,,,,,,,,,
Sidney Moncrief,1981-82,19,82,1982,1982,1,,,,,,,,,,,,,,,,,,,,,,,
Sidney Moncrief,1982-83,19,83,1983,1983,1,,,,,,,,,,,,,,,,,,,,,,,
Sidney Moncrief,1983-84,19,84,1984,1984,1,,,,,,,,,,,,,,,,,,,,,,,
Sidney Moncrief,1984-85,19,85,1985,1985,1,,,,,,,,,,,,,,,,,,,,,,,
Sidney Moncrief,1985-86,19,86,1986,1986,1,,,,,,,,,,,,,,,,,,,,,,,
Chris Mullin,1988-89,19,89,1989,1989,1,,,,,,,,,,,,,,,,,,,,,,,
Chris Mullin,1989-90,19,90,1990,1990,1,,,,,,,,,,,,,,,,,,,,,,,
Chris Mullin,1990-91,19,91,1991,1991,1,,,,,,,,,,,,,,,,,,,,,,,
Chris Mullin,1991-92,19,92,1992,1992,1,,,,,,,,,,,,,,,,,,,,,,,
Chris Mullin,1992-93,19,93,1993,1993,1,,,,,,,,,,,,,,,,,,,,,,,
David Thompson,1982-83,19,83,1983,1983,1,,,,,,,,,,,,,,,,,,,,,,,
Klay Thompson,2014-15,20,15,2015,2015,1,,,,,,,,,,,,,,,,,,,,,,,
Klay Thompson,2015-16,20,16,2016,2016,1,,,,,,,,,,,,,,,,,,,,,,,
Klay Thompson,2016-17,20,17,2017,2017,1,,,,,,,,,,,,,,,,,,,,,,,
John Wall,2013-14,20,14,2014,2014,1,,,,,,,,,,,,,,,,,,,,,,,
John Wall,2014-15,20,15,2015,2015,1,,,,,,,,,,,,,,,,,,,,,,,
John Wall,2015-16,20,16,2016,2016,1,,,,,,,,,,,,,,,,,,,,,,,
John Wall,2016-17,20,17,2017,2017,1,,,,,,,,,,,,,,,,,,,,,,,
Chris Webber,1996-97,19,97,1997,1997,1,,,,,,,,,,,,,,,,,,,,,,,
Chris Webber,1999-00,19,00,1900,1900,1,,,,,,,,,,,,,,,,,,,,,,,
Chris Webber,2000-01,20,01,2001,2001,1,,,,,,,,,,,,,,,,,,,,,,,
Chris Webber,2001-02,20,02,2002,2002,1,,,,,,,,,,,,,,,,,,,,,,,
Chris Webber,2002-03,20,03,2003,2003,1,,,,,,,,,,,,,,,,,,,,,,,
Paul Westphal,1979-80,19,80,1980,1980,1,,,,,,,,,,,,,,,,,,,,,,,
Paul Westphal,1980-81,19,81,1981,1981,1,,,,,,,,,,,,,,,,,,,,,,,
Vin Baker,1994-95,19,95,1995,1995,1,,,,,,,,,,,,,,,,,,,,,,,
Vin Baker,1995-96,19,96,1996,1996,1,,,,,,,,,,,,,,,,,,,,,,,
Vin Baker,1996-97,19,97,1997,1997,1,,,,,,,,,,,,,,,,,,,,,,,
Vin Baker,1997-98,19,98,1998,1998,1,,,,,,,,,,,,,,,,,,,,,,,
Otis Birdsong,1979-80,19,80,1980,1980,1,,,,,,,,,,,,,,,,,,,,,,,
Otis Birdsong,1980-81,19,81,1981,1981,1,,,,,,,,,,,,,,,,,,,,,,,
Otis Birdsong,1983-84,19,84,1984,1984,1,,,,,,,,,,,,,,,,,,,,,,,
Rolando Blackman,1984-85,19,85,1985,1985,1,,,,,,,,,,,,,,,,,,,,,,,
Rolando Blackman,1985-86,19,86,1986,1986,1,,,,,,,,,,,,,,,,,,,,,,,
Rolando Blackman,1986-87,19,87,1987,1987,1,,,,,,,,,,,,,,,,,,,,,,,
Rolando Blackman,1989-90,19,90,1990,1990,1,,,,,,,,,,,,,,,,,,,,,,,
Tom Chambers,1986-87,19,87,1987,1987,1,,,,,,,,,,,,,,,,,,,,,,,
Tom Chambers,1988-89,19,89,1989,1989,1,,,,,,,,,,,,,,,,,,,,,,,
Tom Chambers,1989-90,19,90,1990,1990,1,,,,,,,,,,,,,,,,,,,,,,,
Tom Chambers,1990-91,19,91,1991,1991,1,,,,,,,,,,,,,,,,,,,,,,,
Maurice Cheeks,1982-83,19,83,1983,1983,1,,,,,,,,,,,,,,,,,,,,,,,
Maurice Cheeks,1985-86,19,86,1986,1986,1,,,,,,,,,,,,,,,,,,,,,,,
Maurice Cheeks,1986-87,19,87,1987,1987,1,,,,,,,,,,,,,,,,,,,,,,,
Maurice Cheeks,1987-88,19,88,1988,1988,1,,,,,,,,,,,,,,,,,,,,,,,
DeMarcus Cousins,2014-15,20,15,2015,2015,1,,,,,,,,,,,,,,,,,,,,,,,
DeMarcus Cousins,2015-16,20,16,2016,2016,1,,,,,,,,,,,,,,,,,,,,,,,
DeMarcus Cousins,2016-17,20,17,2017,2017,1,,,,,,,,,,,,,,,,,,,,,,,
Draymond Green,2015-16,20,16,2016,2016,1,,,,,,,,,,,,,,,,,,,,,,,
Draymond Green,2016-17,20,17,2017,2017,1,,,,,,,,,,,,,,,,,,,,,,,
Anfernee Hardaway,1994-95,19,95,1995,1995,1,,,,,,,,,,,,,,,,,,,,,,,
Anfernee Hardaway,1995-96,19,96,1996,1996,1,,,,,,,,,,,,,,,,,,,,,,,
Anfernee Hardaway,1996-97,19,97,1997,1997,1,,,,,,,,,,,,,,,,,,,,,,,
Anfernee Hardaway,1997-98,19,98,1998,1998,1,,,,,,,,,,,,,,,,,,,,,,,
Bernard King,1981-82,19,82,1982,1982,1,,,,,,,,,,,,,,,,,,,,,,,
Bernard King,1983-84,19,84,1984,1984,1,,,,,,,,,,,,,,,,,,,,,,,
Bernard King,1984-85,19,85,1985,1985,1,,,,,,,,,,,,,,,,,,,,,,,
Bernard King,1990-91,19,91,1991,1991,1,,,,,,,,,,,,,,,,,,,,,,,
Bill Laimbeer,1982-83,19,83,1983,1983,1,,,,,,,,,,,,,,,,,,,,,,,
Bill Laimbeer,1983-84,19,84,1984,1984,1,,,,,,,,,,,,,,,,,,,,,,,
Bill Laimbeer,1984-85,19,85,1985,1985,1,,,,,,,,,,,,,,,,,,,,,,,
Bill Laimbeer,1986-87,19,87,1987,1987,1,,,,,,,,,,,,,,,,,,,,,,,
Shawn Marion,2002-03,20,03,2003,2003,1,,,,,,,,,,,,,,,,,,,,,,,
Shawn Marion,2004-05,20,05,2005,2005,1,,,,,,,,,,,,,,,,,,,,,,,
Shawn Marion,2005-06,20,06,2006,2006,1,,,,,,,,,,,,,,,,,,,,,,,
Shawn Marion,2006-07,20,07,2007,2007,1,,,,,,,,,,,,,,,,,,,,,,,
Paul Millsap,2013-14,20,14,2014,2014,1,,,,,,,,,,,,,,,,,,,,,,,
Paul Millsap,2014-15,20,15,2015,2015,1,,,,,,,,,,,,,,,,,,,,,,,
Paul Millsap,2015-16,20,16,2016,2016,1,,,,,,,,,,,,,,,,,,,,,,,
Paul Millsap,2016-17,20,17,2017,2017,1,,,,,,,,,,,,,,,,,,,,,,,
Mark Price,1988-89,19,89,1989,1989,1,,,,,,,,,,,,,,,,,,,,,,,
Mark Price,1991-92,19,92,1992,1992,1,,,,,,,,,,,,,,,,,,,,,,,
Mark Price,1992-93,19,93,1993,1993,1,,,,,,,,,,,,,,,,,,,,,,,
Mark Price,1993-94,19,94,1994,1994,1,,,,,,,,,,,,,,,,,,,,,,,
Micheal Ray Richardson,1979-80,19,80,1980,1980,1,,,,,,,,,,,,,,,,,,,,,,,
Micheal Ray Richardson,1980-81,19,81,1981,1981,1,,,,,,,,,,,,,,,,,,,,,,,
Micheal Ray Richardson,1981-82,19,82,1982,1982,1,,,,,,,,,,,,,,,,,,,,,,,
Micheal Ray Richardson,1984-85,19,85,1985,1985,1,,,,,,,,,,,,,,,,,,,,,,,
Alvin Robertson,1985-86,19,86,1986,1986,1,,,,,,,,,,,,,,,,,,,,,,,
Alvin Robertson,1986-87,19,87,1987,1987,1,,,,,,,,,,,,,,,,,,,,,,,
Alvin Robertson,1987-88,19,88,1988,1988,1,,,,,,,,,,,,,,,,,,,,,,,
Alvin Robertson,1990-91,19,91,1991,1991,1,,,,,,,,,,,,,,,,,,,,,,,
Rajon Rondo,2009-10,20,10,2010,2010,1,,,,,,,,,,,,,,,,,,,,,,,
Rajon Rondo,2010-11,20,11,2011,2011,1,,,,,,,,,,,,,,,,,,,,,,,
Rajon Rondo,2011-12,20,12,2012,2012,1,,,,,,,,,,,,,,,,,,,,,,,
Rajon Rondo,2012-13,20,13,2013,2013,1,,,,,,,,,,,,,,,,,,,,,,,
Ralph Sampson,1983-84,19,84,1984,1984,1,,,,,,,,,,,,,,,,,,,,,,,
Ralph Sampson,1984-85,19,85,1985,1985,1,,,,,,,,,,,,,,,,,,,,,,,
Ralph Sampson,1985-86,19,86,1986,1986,1,,,,,,,,,,,,,,,,,,,,,,,
Ralph Sampson,1986-87,19,87,1987,1987,1,,,,,,,,,,,,,,,,,,,,,,,
Latrell Sprewell,1993-94,19,94,1994,1994,1,,,,,,,,,,,,,,,,,,,,,,,
Latrell Sprewell,1994-95,19,95,1995,1995,1,,,,,,,,,,,,,,,,,,,,,,,
Latrell Sprewell,1996-97,19,97,1997,1997,1,,,,,,,,,,,,,,,,,,,,,,,
Latrell Sprewell,2000-01,20,01,2001,2001,1,,,,,,,,,,,,,,,,,,,,,,,
Kemba Walker,2016-17,20,17,2017,2017,1,,,,,,,,,,,,,,,,,,,,,,,
Ben Wallace,2002-03,20,03,2003,2003,1,,,,,,,,,,,,,,,,,,,,,,,
Ben Wallace,2003-04,20,04,2004,2004,1,,,,,,,,,,,,,,,,,,,,,,,
Ben Wallace,2004-05,20,05,2005,2005,1,,,,,,,,,,,,,,,,,,,,,,,
Ben Wallace,2005-06,20,06,2006,2006,1,,,,,,,,,,,,,,,,,,,,,,,
Rasheed Wallace,1999-00,19,00,1900,2000,1,,,,,,,,,,,,,,,,,,,,,,,
Rasheed Wallace,2000-01,20,01,2001,2001,1,,,,,,,,,,,,,,,,,,,,,,,
Rasheed Wallace,2005-06,20,06,2006,2006,1,,,,,,,,,,,,,,,,,,,,,,,
Rasheed Wallace,2007-08,20,08,2008,2008,1,,,,,,,,,,,,,,,,,,,,,,,
Mark Aguirre,1983-84,19,84,1984,1984,1,,,,,,,,,,,,,,,,,,,,,,,
Mark Aguirre,1986-87,19,87,1987,1987,1,,,,,,,,,,,,,,,,,,,,,,,
Mark Aguirre,1987-88,19,88,1988,1988,1,,,,,,,,,,,,,,,,,,,,,,,
Gilbert Arenas,2004-05,20,05,2005,2005,1,,,,,,,,,,,,,,,,,,,,,,,
Gilbert Arenas,2005-06,20,06,2006,2006,1,,,,,,,,,,,,,,,,,,,,,,,
Gilbert Arenas,2006-07,20,07,2007,2007,1,,,,,,,,,,,,,,,,,,,,,,,
Steve Francis,2001-02,20,02,2002,2002,1,,,,,,,,,,,,,,,,,,,,,,,
Steve Francis,2002-03,20,03,2003,2003,1,,,,,,,,,,,,,,,,,,,,,,,
Steve Francis,2003-04,20,04,2004,2004,1,,,,,,,,,,,,,,,,,,,,,,,
Marc Gasol,2011-12,20,12,2012,2012,1,,,,,,,,,,,,,,,,,,,,,,,
Marc Gasol,2014-15,20,15,2015,2015,1,,,,,,,,,,,,,,,,,,,,,,,
Marc Gasol,2016-17,20,17,2017,2017,1,,,,,,,,,,,,,,,,,,,,,,,
Richard Hamilton,2005-06,20,06,2006,2006,1,,,,,,,,,,,,,,,,,,,,,,,
Richard Hamilton,2006-07,20,07,2007,2007,1,,,,,,,,,,,,,,,,,,,,,,,
Richard Hamilton,2007-08,20,08,2008,2008,1,,,,,,,,,,,,,,,,,,,,,,,
Kevin Johnson,1989-90,19,90,1990,1990,1,,,,,,,,,,,,,,,,,,,,,,,
Kevin Johnson,1990-91,19,91,1991,1991,1,,,,,,,,,,,,,,,,,,,,,,,
Kevin Johnson,1993-94,19,94,1994,1994,1,,,,,,,,,,,,,,,,,,,,,,,
Eddie Jones,1996-97,19,97,1997,1997,1,,,,,,,,,,,,,,,,,,,,,,,
Eddie Jones,1997-98,19,98,1998,1998,1,,,,,,,,,,,,,,,,,,,,,,,
Eddie Jones,1999-00,19,00,1900,2000,1,,,,,,,,,,,,,,,,,,,,,,,
Dan Majerle,1991-92,19,92,1992,1992,1,,,,,,,,,,,,,,,,,,,,,,,
Dan Majerle,1992-93,19,93,1993,1993,1,,,,,,,,,,,,,,,,,,,,,,,
Dan Majerle,1994-95,19,95,1995,1995,1,,,,,,,,,,,,,,,,,,,,,,,
Larry Nance,1984-85,19,85,1985,1985,1,,,,,,,,,,,,,,,,,,,,,,,
Larry Nance,1988-89,19,89,1989,1989,1,,,,,,,,,,,,,,,,,,,,,,,
Larry Nance,1992-93,19,93,1993,1993,1,,,,,,,,,,,,,,,,,,,,,,,
Glen Rice,1995-96,19,96,1996,1996,1,,,,,,,,,,,,,,,,,,,,,,,
Glen Rice,1996-97,19,97,1997,1997,1,,,,,,,,,,,,,,,,,,,,,,,
Glen Rice,1997-98,19,98,1998,1998,1,,,,,,,,,,,,,,,,,,,,,,,
Derrick Rose,2009-10,20,10,2010,2010,1,,,,,,,,,,,,,,,,,,,,,,,
Derrick Rose,2010-11,20,11,2011,2011,1,,,,,,,,,,,,,,,,,,,,,,,
Derrick Rose,2011-12,20,12,2012,2012,1,,,,,,,,,,,,,,,,,,,,,,,
Dan Roundfield,1979-80,19,80,1980,1980,1,,,,,,,,,,,,,,,,,,,,,,,
Dan Roundfield,1980-81,19,81,1981,1981,1,,,,,,,,,,,,,,,,,,,,,,,
Dan Roundfield,1981-82,19,82,1982,1982,1,,,,,,,,,,,,,,,,,,,,,,,
Brandon Roy,2007-08,20,08,2008,2008,1,,,,,,,,,,,,,,,,,,,,,,,
Brandon Roy,2008-09,20,09,2009,2009,1,,,,,,,,,,,,,,,,,,,,,,,
Brandon Roy,2009-10,20,10,2010,2010,1,,,,,,,,,,,,,,,,,,,,,,,
Detlef Schrempf,1992-93,19,93,1993,1993,1,,,,,,,,,,,,,,,,,,,,,,,
Detlef Schrempf,1994-95,19,95,1995,1995,1,,,,,,,,,,,,,,,,,,,,,,,
Detlef Schrempf,1996-97,19,97,1997,1997,1,,,,,,,,,,,,,,,,,,,,,,,
Peja Stojakovi?,2001-02,20,02,2002,2002,1,,,,,,,,,,,,,,,,,,,,,,,
Peja Stojakovi?,2002-03,20,03,2003,2003,1,,,,,,,,,,,,,,,,,,,,,,,
Peja Stojakovi?,2003-04,20,04,2004,2004,1,,,,,,,,,,,,,,,,,,,,,,,
Antoine Walker,1997-98,19,98,1998,1998,1,,,,,,,,,,,,,,,,,,,,,,,
Antoine Walker,2001-02,20,02,2002,2002,1,,,,,,,,,,,,,,,,,,,,,,,
Antoine Walker,2002-03,20,03,2003,2003,1,,,,,,,,,,,,,,,,,,,,,,,
Jamaal Wilkes,1975-76,19,76,1976,1976,1,,,,,,,,,,,,,,,,,,,,,,,
Jamaal Wilkes,1980-81,19,81,1981,1981,1,,,,,,,,,,,,,,,,,,,,,,,
Jamaal Wilkes,1982-83,19,83,1983,1983,1,,,,,,,,,,,,,,,,,,,,,,,
Buck Williams,1981-82,19,82,1982,1982,1,,,,,,,,,,,,,,,,,,,,,,,
Buck Williams,1982-83,19,83,1983,1983,1,,,,,,,,,,,,,,,,,,,,,,,
Buck Williams,1985-86,19,86,1986,1986,1,,,,,,,,,,,,,,,,,,,,,,,
Deron Williams,2009-10,20,10,2010,2010,1,,,,,,,,,,,,,,,,,,,,,,,
Deron Williams,2010-11,20,11,2011,2011,1,,,,,,,,,,,,,,,,,,,,,,,
Deron Williams,2011-12,20,12,2012,2012,1,,,,,,,,,,,,,,,,,,,,,,,
Carlos Boozer,2006-07,20,07,2007,2007,1,,,,,,,,,,,,,,,,,,,,,,,
Carlos Boozer,2007-08,20,08,2008,2008,1,,,,,,,,,,,,,,,,,,,,,,,
Elton Brand,2001-02,20,02,2002,2002,1,,,,,,,,,,,,,,,,,,,,,,,
Elton Brand,2005-06,20,06,2006,2006,1,,,,,,,,,,,,,,,,,,,,,,,
Terrell Brandon,1995-96,19,96,1996,1996,1,,,,,,,,,,,,,,,,,,,,,,,
Terrell Brandon,1996-97,19,97,1997,1997,1,,,,,,,,,,,,,,,,,,,,,,,
Caron Butler,2006-07,20,07,2007,2007,1,,,,,,,,,,,,,,,,,,,,,,,
Caron Butler,2007-08,20,08,2008,2008,1,,,,,,,,,,,,,,,,,,,,,,,
Terry Cummings,1984-85,19,85,1985,1985,1,,,,,,,,,,,,,,,,,,,,,,,
Terry Cummings,1988-89,19,89,1989,1989,1,,,,,,,,,,,,,,,,,,,,,,,
Baron Davis,2001-02,20,02,2002,2002,1,,,,,,,,,,,,,,,,,,,,,,,
Baron Davis,2003-04,20,04,2004,2004,1,,,,,,,,,,,,,,,,,,,,,,,
Luol Deng,2011-12,20,12,2012,2012,1,,,,,,,,,,,,,,,,,,,,,,,
Luol Deng,2012-13,20,13,2013,2013,1,,,,,,,,,,,,,,,,,,,,,,,
John Drew,1979-80,19,80,1980,1980,1,,,,,,,,,,,,,,,,,,,,,,,
Andre Drummond,2015-16,20,16,2016,2016,1,,,,,,,,,,,,,,,,,,,,,,,
Kevin Duckworth,1988-89,19,89,1989,1989,1,,,,,,,,,,,,,,,,,,,,,,,
Kevin Duckworth,1990-91,19,91,1991,1991,1,,,,,,,,,,,,,,,,,,,,,,,
Sean Elliott,1992-93,19,93,1993,1993,1,,,,,,,,,,,,,,,,,,,,,,,
Sean Elliott,1995-96,19,96,1996,1996,1,,,,,,,,,,,,,,,,,,,,,,,
Michael Finley,1990-00,19,00,1900,2000,1,,,,,,,,,,,,,,,,,,,,,,,
Michael Finley,2000-01,20,01,2001,2001,1,,,,,,,,,,,,,,,,,,,,,,,
Manu Ginbili,2004-05,20,05,2005,2005,1,,,,,,,,,,,,,,,,,,,,,,,
Manu Ginbili,2010-11,20,11,2011,2011,1,,,,,,,,,,,,,,,,,,,,,,,
Roy Hibbert,2011-12,20,12,2012,2012,1,,,,,,,,,,,,,,,,,,,,,,,
Roy Hibbert,2013-14,20,14,2014,2014,1,,,,,,,,,,,,,,,,,,,,,,,
Allan Houston,1999-00,19,00,1900,2000,1,,,,,,,,,,,,,,,,,,,,,,,
Allan Houston,2000-01,20,01,2001,2001,1,,,,,,,,,,,,,,,,,,,,,,,
Zydrunas Ilgauskas,2002-03,20,03,2003,2003,1,,,,,,,,,,,,,,,,,,,,,,,
Zydrunas Ilgauskas,2004-05,20,05,2005,2005,1,,,,,,,,,,,,,,,,,,,,,,,
Antawn Jamison,2004-05,20,05,2005,2005,1,,,,,,,,,,,,,,,,,,,,,,,
Antawn Jamison,2007-08,20,08,2008,2008,1,,,,,,,,,,,,,,,,,,,,,,,
Eddie Johnson,1979-80,19,80,1980,1980,1,,,,,,,,,,,,,,,,,,,,,,,
Eddie Johnson,1980-81,19,81,1981,1981,1,,,,,,,,,,,,,,,,,,,,,,,
Larry Johnson,1992-93,19,93,1993,1993,1,,,,,,,,,,,,,,,,,,,,,,,
Larry Johnson,1994-95,19,95,1995,1995,1,,,,,,,,,,,,,,,,,,,,,,,
David Lee,2009-10,20,10,2010,2010,1,,,,,,,,,,,,,,,,,,,,,,,
David Lee,2012-13,20,13,2013,2013,1,,,,,,,,,,,,,,,,,,,,,,,
Fat Lever,1987-88,19,88,1988,1988,1,,,,,,,,,,,,,,,,,,,,,,,
Fat Lever,1989-90,19,90,1990,1990,1,,,,,,,,,,,,,,,,,,,,,,,
Rashard Lewis,2004-05,20,05,2005,2005,1,,,,,,,,,,,,,,,,,,,,,,,
Rashard Lewis,2008-09,20,09,2009,2009,1,,,,,,,,,,,,,,,,,,,,,,,
Jeff Malone,1985-86,19,86,1986,1986,1,,,,,,,,,,,,,,,,,,,,,,,
Jeff Malone,1986-87,19,87,1987,1987,1,,,,,,,,,,,,,,,,,,,,,,,
Danny Manning,1992-93,19,93,1993,1993,1,,,,,,,,,,,,,,,,,,,,,,,
Danny Manning,1993-94,19,94,1994,1994,1,,,,,,,,,,,,,,,,,,,,,,,
Stephon Marbury,2000-01,20,01,2001,2001,1,,,,,,,,,,,,,,,,,,,,,,,
Stephon Marbury,2002-03,20,03,2003,2003,1,,,,,,,,,,,,,,,,,,,,,,,
Brad Miller,2002-03,20,03,2003,2003,1,,,,,,,,,,,,,,,,,,,,,,,
Brad Miller,2003-04,20,04,2004,2004,1,,,,,,,,,,,,,,,,,,,,,,,
Norm Nixon,1981-82,19,82,1982,1982,1,,,,,,,,,,,,,,,,,,,,,,,
Norm Nixon,1984-85,19,85,1985,1985,1,,,,,,,,,,,,,,,,,,,,,,,
Joakim Noah,2012-13,20,13,2013,2013,1,,,,,,,,,,,,,,,,,,,,,,,
Joakim Noah,2013-14,20,14,2014,2014,1,,,,,,,,,,,,,,,,,,,,,,,
Jim Paxson,1982-83,19,83,1983,1983,1,,,,,,,,,,,,,,,,,,,,,,,
Jim Paxson,1983-84,19,84,1984,1984,1,,,,,,,,,,,,,,,,,,,,,,,
Terry Porter,1990-91,19,91,1991,1991,1,,,,,,,,,,,,,,,,,,,,,,,
Terry Porter,1992-93,19,93,1993,1993,1,,,,,,,,,,,,,,,,,,,,,,,
Zach Randolph,2009-10,20,10,2010,2010,1,,,,,,,,,,,,,,,,,,,,,,,
Zach Randolph,2012-13,20,13,2013,2013,1,,,,,,,,,,,,,,,,,,,,,,,
Glenn Robinson,1999-00,19,00,1900,2000,1,,,,,,,,,,,,,,,,,,,,,,,
Glenn Robinson,2000-01,20,01,2001,2001,1,,,,,,,,,,,,,,,,,,,,,,,
Truck Robinson,1980-81,19,81,1981,1981,1,,,,,,,,,,,,,,,,,,,,,,,
Dennis Rodman,1989-90,19,90,1990,1990,1,,,,,,,,,,,,,,,,,,,,,,,
Dennis Rodman,1991-92,19,92,1992,1992,1,,,,,,,,,,,,,,,,,,,,,,,
Jeff Ruland,1983-84,19,84,1984,1984,1,,,,,,,,,,,,,,,,,,,,,,,
Jeff Ruland,1984-85,19,85,1985,1985,1,,,,,,,,,,,,,,,,,,,,,,,
Jerry Stackhouse,1999-00,19,00,1900,1900,1,,,,,,,,,,,,,,,,,,,,,,,
Jerry Stackhouse,2000-01,20,01,2001,2001,1,,,,,,,,,,,,,,,,,,,,,,,
Reggie Theus,1980-81,19,81,1981,1981,1,,,,,,,,,,,,,,,,,,,,,,,
Reggie Theus,1982-83,19,83,1983,1983,1,,,,,,,,,,,,,,,,,,,,,,,
Isaiah Thomas,2015-16,20,16,2016,2016,1,,,,,,,,,,,,,,,,,,,,,,,
Isaiah Thomas,2016-17,20,17,2017,2017,1,,,,,,,,,,,,,,,,,,,,,,,
Andrew Toney,1982-83,19,83,1983,1983,1,,,,,,,,,,,,,,,,,,,,,,,
Andrew Toney,1983-84,19,84,1984,1984,1,,,,,,,,,,,,,,,,,,,,,,,
Kelly Tripucka,1981-82,19,82,1982,1982,1,,,,,,,,,,,,,,,,,,,,,,,
Kelly Tripucka,1983-84,19,84,1984,1984,1,,,,,,,,,,,,,,,,,,,,,,,
Kiki Vandeweghe,1982-83,19,83,1983,1983,1,,,,,,,,,,,,,,,,,,,,,,,
Kiki Vandeweghe,1983-84,19,84,1984,1984,1,,,,,,,,,,,,,,,,,,,,,,,
Scott Wedman,1979-80,19,80,1980,1980,1,,,,,,,,,,,,,,,,,,,,,,,
David West,2007-08,20,08,2008,2008,1,,,,,,,,,,,,,,,,,,,,,,,
David West,2008-09,20,09,2009,2009,1,,,,,,,,,,,,,,,,,,,,,,,
Gus Williams,1981-82,19,82,1982,1982,1,,,,,,,,,,,,,,,,,,,,,,,
Gus Williams,1982-83,19,83,1983,1983,1,,,,,,,,,,,,,,,,,,,,,,,
Shareef Abdur-Rahim,2001-02,20,02,2002,2002,1,,,,,,,,,,,,,,,,,,,,,,,
Michael Adams,1991-92,19,92,1992,1992,1,,,,,,,,,,,,,,,,,,,,,,,
Danny Ainge,1987-88,19,88,1988,1988,1,,,,,,,,,,,,,,,,,,,,,,,
Kenny Anderson,1993-94,19,94,1994,1994,1,,,,,,,,,,,,,,,,,,,,,,,
B.J. Armstrong,1993-94,19,94,1994,1994,1,,,,,,,,,,,,,,,,,,,,,,,
Dana Barros,1994-95,19,95,1995,1995,1,,,,,,,,,,,,,,,,,,,,,,,
Mookie Blaylock,1993-94,19,94,1994,1994,1,,,,,,,,,,,,,,,,,,,,,,,
Andrew Bynum,2011-12,20,12,2012,2012,1,,,,,,,,,,,,,,,,,,,,,,,
Joe Barry Carroll,1986-87,19,87,1987,1987,1,,,,,,,,,,,,,,,,,,,,,,,
Bill Cartwright,1979-80,19,80,1980,1980,1,,,,,,,,,,,,,,,,,,,,,,,
Sam Cassell,2003-04,20,04,2004,2004,1,,,,,,,,,,,,,,,,,,,,,,,
Cedric Ceballos,1994-95,19,95,1995,1995,1,,,,,,,,,,,,,,,,,,,,,,,
Tyson Chandler,2012-13,20,13,2013,2013,1,,,,,,,,,,,,,,,,,,,,,,,
Derrick Coleman,1993-94,19,94,1994,1994,1,,,,,,,,,,,,,,,,,,,,,,,
Antonio Davis,2000-01,20,01,2001,2001,1,,,,,,,,,,,,,,,,,,,,,,,
Dale Davis,1999-00,19,00,1900,2000,1,,,,,,,,,,,,,,,,,,,,,,,
Vlade Divac,2000-01,20,01,2001,2001,1,,,,,,,,,,,,,,,,,,,,,,,
James Donaldson,1987-88,19,88,1988,1988,1,,,,,,,,,,,,,,,,,,,,,,,
Mark Eaton,1988-89,19,89,1989,1989,1,,,,,,,,,,,,,,,,,,,,,,,
Dale Ellis,1988-89,19,89,1989,1989,1,,,,,,,,,,,,,,,,,,,,,,,
Sleepy Floyd,1986-87,19,87,1987,1987,1,,,,,,,,,,,,,,,,,,,,,,,
World B. Free,1979-80,19,80,1980,1980,1,,,,,,,,,,,,,,,,,,,,,,,
Chris Gatling,1996-97,19,97,1997,1997,1,,,,,,,,,,,,,,,,,,,,,,,
Danny Granger,2008-09,20,09,2009,2009,1,,,,,,,,,,,,,,,,,,,,,,,
Horace Grant,1993-94,19,94,1994,1994,1,,,,,,,,,,,,,,,,,,,,,,,
A.C. Green,1989-90,19,90,1990,1990,1,,,,,,,,,,,,,,,,,,,,,,,
Rickey Green,1983-84,19,84,1984,1984,1,,,,,,,,,,,,,,,,,,,,,,,
Tom Gugliotta,1996-97,19,97,1997,1997,1,,,,,,,,,,,,,,,,,,,,,,,
Devin Harris,2008-09,20,09,2009,2009,1,,,,,,,,,,,,,,,,,,,,,,,
Hersey Hawkins,1990-91,19,91,1991,1991,1,,,,,,,,,,,,,,,,,,,,,,,
Gordon Hayward,2016-17,20,17,2017,2017,1,,,,,,,,,,,,,,,,,,,,,,,
Tyrone Hill,1994-95,19,95,1995,1995,1,,,,,,,,,,,,,,,,,,,,,,,
Jrue Holiday,2012-13,20,13,2013,2013,1,,,,,,,,,,,,,,,,,,,,,,,
Jeff Hornacek,1991-92,19,92,1992,1992,1,,,,,,,,,,,,,,,,,,,,,,,
Josh Howard,2006-07,20,07,2007,2007,1,,,,,,,,,,,,,,,,,,,,,,,
Juwan Howard,1995-96,19,96,1996,1996,1,,,,,,,,,,,,,,,,,,,,,,,
Andre Iguodala,2011-12,20,12,2012,2012,1,,,,,,,,,,,,,,,,,,,,,,,
Mark Jackson,1988-89,19,89,1989,1989,1,,,,,,,,,,,,,,,,,,,,,,,
Steve Johnson,1987-88,19,88,1988,1988,1,,,,,,,,,,,,,,,,,,,,,,,
DeAndre Jordan,2016-17,20,17,2017,2017,1,,,,,,,,,,,,,,,,,,,,,,,
Chris Kaman,2009-10,20,10,2010,2010,1,,,,,,,,,,,,,,,,,,,,,,,
Andrei Kirilenko,2003-04,20,04,2004,2004,1,,,,,,,,,,,,,,,,,,,,,,,
Kyle Korver,2014-15,20,15,2015,2015,1,,,,,,,,,,,,,,,,,,,,,,,
Christian Laettner,1996-97,19,97,1997,1997,1,,,,,,,,,,,,,,,,,,,,,,,
Reggie Lewis,1991-92,19,92,1992,1992,1,,,,,,,,,,,,,,,,,,,,,,,
Brook Lopez,2012-13,20,13,2013,2013,1,,,,,,,,,,,,,,,,,,,,,,,
Jamaal Magloire,2003-04,20,04,2004,2004,1,,,,,,,,,,,,,,,,,,,,,,,
Kenyon Martin,2003-04,20,04,2004,2004,1,,,,,,,,,,,,,,,,,,,,,,,
Jamal Mashburn,2002-03,20,03,2003,2003,1,,,,,,,,,,,,,,,,,,,,,,,
Anthony Mason,2000-01,20,01,2001,2001,1,,,,,,,,,,,,,,,,,,,,,,,
Xavier McDaniel,1987-88,19,88,1988,1988,1,,,,,,,,,,,,,,,,,,,,,,,
Antonio McDyess,2000-01,20,01,2001,2001,1,,,,,,,,,,,,,,,,,,,,,,,
Mike Mitchell,1980-81,19,81,1981,1981,1,,,,,,,,,,,,,,,,,,,,,,,
Calvin Natt,1984-85,19,85,1985,1985,1,,,,,,,,,,,,,,,,,,,,,,,
Jameer Nelson,2008-09,20,09,2009,2009,1,,,,,,,,,,,,,,,,,,,,,,,
Charles Oakley,1993-94,19,94,1994,1994,1,,,,,,,,,,,,,,,,,,,,,,,
Mehmet Okur,2006-07,20,07,2007,2007,1,,,,,,,,,,,,,,,,,,,,,,,
Ricky Pierce,1990-91,19,91,1991,1991,1,,,,,,,,,,,,,,,,,,,,,,,
Theo Ratliff,2000-01,20,01,2001,2001,1,,,,,,,,,,,,,,,,,,,,,,,
Michael Redd,2003-04,20,04,2004,2004,1,,,,,,,,,,,,,,,,,,,,,,,
Doc Rivers,1987-88,19,88,1988,1988,1,,,,,,,,,,,,,,,,,,,,,,,
Clifford Robinson,1993-94,19,94,1994,1994,1,,,,,,,,,,,,,,,,,,,,,,,
Lonnie Shelton,1981-82,19,82,1982,1982,1,,,,,,,,,,,,,,,,,,,,,,,
Steve Smith,1997-98,19,98,1998,1998,1,,,,,,,,,,,,,,,,,,,,,,,
Rik Smits,1997-98,19,98,1998,1998,1,,,,,,,,,,,,,,,,,,,,,,,
John Starks,1993-94,19,94,1994,1994,1,,,,,,,,,,,,,,,,,,,,,,,
Wally Szczerbiak,2001-02,20,02,2002,2002,1,,,,,,,,,,,,,,,,,,,,,,,
Jeff Teague,2014-15,20,15,2015,2015,1,,,,,,,,,,,,,,,,,,,,,,,
Otis Thorpe,1991-92,19,92,1992,1992,1,,,,,,,,,,,,,,,,,,,,,,,
Nick Van Exel,1997-98,19,98,1998,1998,1,,,,,,,,,,,,,,,,,,,,,,,
Gerald Wallace,2009-10,20,10,2010,2010,1,,,,,,,,,,,,,,,,,,,,,,,
Kermit Washington,1979-80,19,80,1980,1980,1,,,,,,,,,,,,,,,,,,,,,,,
Jayson Williams,1997-98,19,98,1998,1998,1,,,,,,,,,,,,,,,,,,,,,,,
Mo Williams,2008-09,20,09,2009,2009,1,,,,,,,,,,,,,,,,,,,,,,,
Kevin Willis,1991-92,19,92,1992,1992,1,,,,,,,,,,,,,,,,,,,,,,,
Metta World Peace,2003-04,20,04,2004,2004,1,,,,,,,,,,,,,,,,,,,,,,,
